Series Description,Federal funds effective rate,"Average majority prime rate charged by banks   on short-term loans to business,   quoted on an investment basis",The rate charged for primary credit under   amendment to the Board's Regulation A
Unit:,Percent:_Per_Year,Percent:_Per_Year,Percent:_Per_Year
Multiplier:,1,1,1
Currency:,NA,NA,NA
Unique Identifier: ,H15/H15/RIFSPFF_N.WW,H15/H15/RIFSPBLP_N.WW,H15/H15/RIFSRP_F02_N.WW
Time Period,RIFSPFF_N.WW,RIFSPBLP_N.WW,RIFSRP_F02_N.WW
1980-01-02,14.04,15.25,
1980-01-09,13.94,15.25,
1980-01-16,13.91,15.25,
1980-01-23,13.77,15.25,
1980-01-30,13.54,15.25,
1980-02-06,12.8,15.25,
1980-02-13,13.64,15.25,
1980-02-20,14.87,15.39,
1980-02-27,14.62,16.29,
1980-03-05,16.17,16.84,
1980-03-12,16.45,17.68,
1980-03-19,16.24,18.46,
1980-03-26,17.78,19,
1980-04-02,19.39,19.5,
1980-04-09,19.04,20,
1980-04-16,18.35,20,
1980-04-23,17.56,19.57,
1980-04-30,15.12,19.5,
1980-05-07,12.96,18.39,
1980-05-14,10.85,17.5,
1980-05-21,10.71,16.64,
1980-05-28,9.46,14.79,
1980-06-04,10.74,14.07,
1980-06-11,9.68,13.14,
1980-06-18,8.99,12.36,
1980-06-25,9.08,12.04,
1980-07-02,9.41,12,
1980-07-09,9.26,11.79,
1980-07-16,8.98,11.5,
1980-07-23,8.68,11.5,
1980-07-30,8.98,11.07,
1980-08-06,9.6,11,
1980-08-13,8.85,11,
1980-08-20,9.35,11,
1980-08-27,10.03,11.25,
1980-09-03,10.47,11.5,
1980-09-10,10.22,11.71,
1980-09-17,10.64,12.21,
1980-09-24,10.85,12.46,
1980-10-01,12.38,13,
1980-10-08,12.59,13.5,
1980-10-15,12.64,13.5,
1980-10-22,12.55,13.93,
1980-10-29,13.17,14.07,
1980-11-05,13.99,14.5,
1980-11-12,14.65,15.5,
1980-11-19,15.22,15.82,
1980-11-26,17.43,17,
1980-12-03,17.72,17.96,
1980-12-10,18.82,19.07,
1980-12-17,19.83,20.29,
1980-12-24,19.44,21.43,
1980-12-31,18.45,21.5,
1981-01-07,20.06,20.64,
1981-01-14,19.64,20.07,
1981-01-21,19.35,20,
1981-01-28,18.12,20,
1981-02-04,17.19,19.86,
1981-02-11,16.51,19.5,
1981-02-18,15.81,19.5,
1981-02-25,14.96,19.29,
1981-03-04,15.73,19,
1981-03-11,15.53,18.71,
1981-03-18,14.13,17.86,
1981-03-25,13.48,17.5,
1981-04-01,14.93,17.5,
1981-04-08,15.43,17,
1981-04-15,15.33,17,
1981-04-22,15.55,17,
1981-04-29,16.28,17.43,
1981-05-06,18.91,18.43,
1981-05-13,18.21,19.21,
1981-05-20,18.89,19.64,
1981-05-27,18.71,20.43,
1981-06-03,18.4,20.43,
1981-06-10,19.33,20,
1981-06-17,19.1,20,
1981-06-24,19.2,20,
1981-07-01,18.84,20,
1981-07-08,19.93,20.07,
1981-07-15,18.76,20.5,
1981-07-22,19.05,20.5,
1981-07-29,18.54,20.5,
1981-08-05,18.25,20.5,
1981-08-12,18.29,20.5,
1981-08-19,18.19,20.5,
1981-08-26,17.41,20.5,
1981-09-02,16.89,20.5,
1981-09-09,16.5,20.5,
1981-09-16,16.09,20.36,
1981-09-23,15.33,19.86,
1981-09-30,15,19.5,
1981-10-07,15.46,19.29,
1981-10-14,14.93,18.71,
1981-10-21,15.32,18,
1981-10-28,14.87,18,
1981-11-04,14.79,17.86,
1981-11-11,14.01,17.29,
1981-11-18,13.17,16.93,
1981-11-25,12.42,16.39,
1981-12-02,12.48,15.93,
1981-12-09,12.04,15.75,
1981-12-16,12.26,15.75,
1981-12-23,12.43,15.75,
1981-12-30,12.54,15.75,
1982-01-06,12.98,15.75,
1982-01-13,12.42,15.75,
1982-01-20,12.96,15.75,
1982-01-27,13.98,15.75,
1982-02-03,14.77,15.96,
1982-02-10,15.19,16.5,
1982-02-17,15.61,16.5,
1982-02-24,13.86,16.86,
1982-03-03,14.07,16.5,
1982-03-10,14.35,16.5,
1982-03-17,14.89,16.5,
1982-03-24,14.48,16.5,
1982-03-31,14.99,16.5,
1982-04-07,15.15,16.5,
1982-04-14,14.68,16.5,
1982-04-21,15.01,16.5,
1982-04-28,14.72,16.5,
1982-05-05,15.53,16.5,
1982-05-12,14.97,16.5,
1982-05-19,14.67,16.5,
1982-05-26,13.7,16.5,
1982-06-02,13.43,16.5,
1982-06-09,13.6,16.5,
1982-06-16,14.24,16.5,
1982-06-23,14.17,16.5,
1982-06-30,14.81,16.5,
1982-07-07,14.47,16.5,
1982-07-14,13.18,16.5,
1982-07-21,12.14,16.36,
1982-07-28,11.02,16,
1982-08-04,11.15,15.29,
1982-08-11,10.9,15,
1982-08-18,10.11,14.71,
1982-08-25,9.04,13.79,
1982-09-01,10.15,13.5,
1982-09-08,10.14,13.5,
1982-09-15,10.27,13.5,
1982-09-22,10.31,13.5,
1982-09-29,10.12,13.5,
1982-10-06,10.77,13.5,
1982-10-13,9.6,13,
1982-10-20,9.53,12,
1982-10-27,9.44,12,
1982-11-03,9.43,12,
1982-11-10,9.45,12,
1982-11-17,9.61,12,
1982-11-24,8.91,11.79,
1982-12-01,8.69,11.5,
1982-12-08,8.84,11.5,
1982-12-15,8.86,11.5,
1982-12-22,8.69,11.5,
1982-12-29,8.79,11.5,
1983-01-05,10.21,11.5,
1983-01-12,8.42,11.36,
1983-01-19,8.49,11,
1983-01-26,8.44,11,
1983-02-02,8.53,11,
1983-02-09,8.5,11,
1983-02-16,8.62,11,
1983-02-23,8.47,11,
1983-03-02,8.44,10.79,
1983-03-09,8.59,10.5,
1983-03-16,8.57,10.5,
1983-03-23,8.75,10.5,
1983-03-30,8.88,10.5,
1983-04-06,9.43,10.5,
1983-04-13,8.76,10.5,
1983-04-20,8.7,10.5,
1983-04-27,8.58,10.5,
1983-05-04,8.8,10.5,
1983-05-11,8.48,10.5,
1983-05-18,8.59,10.5,
1983-05-25,8.72,10.5,
1983-06-01,8.77,10.5,
1983-06-08,8.84,10.5,
1983-06-15,8.84,10.5,
1983-06-22,9.14,10.5,
1983-06-29,8.9,10.5,
1983-07-06,9.39,10.5,
1983-07-13,9.21,10.5,
1983-07-20,9.43,10.5,
1983-07-27,9.46,10.5,
1983-08-03,9.59,10.5,
1983-08-10,9.66,10.71,
1983-08-17,9.67,11,
1983-08-24,9.41,11,
1983-08-31,9.44,11,
1983-09-07,9.53,11,
1983-09-14,9.54,11,
1983-09-21,9.48,11,
1983-09-28,9.04,11,
1983-10-05,10,11,
1983-10-12,9.46,11,
1983-10-19,9.36,11,
1983-10-26,9.36,11,
1983-11-02,9.4,11,
1983-11-09,9.36,11,
1983-11-16,9.42,11,
1983-11-23,9.26,11,
1983-11-30,9.27,11,
1983-12-07,9.49,11,
1983-12-14,9.52,11,
1983-12-21,9.62,11,
1983-12-28,8.96,11,
1984-01-04,10.06,11,
1984-01-11,9.53,11,
1984-01-18,9.54,11,
1984-01-25,9.53,11,
1984-02-01,9.41,11,
1984-02-08,9.58,11,
1984-02-15,9.53,11,
1984-02-22,9.6,11,
1984-02-29,9.62,11,
1984-03-07,9.74,11,
1984-03-14,9.79,11,
1984-03-21,10.04,11.21,
1984-03-28,9.97,11.5,
1984-04-04,10.41,11.5,
1984-04-11,10.13,12,
1984-04-18,10.37,12,
1984-04-25,9.98,12,
1984-05-02,10.7,12,
1984-05-09,10.46,12.14,
1984-05-16,10.52,12.5,
1984-05-23,9.75,12.5,
1984-05-30,10.3,12.5,
1984-06-06,10.72,12.5,
1984-06-13,10.85,12.5,
1984-06-20,11.49,12.5,
1984-06-27,11.27,12.71,
1984-07-04,10.91,13,
1984-07-11,11.25,13,
1984-07-18,11.21,13,
1984-07-25,11.19,13,
1984-08-01,11.53,13,
1984-08-08,11.59,13,
1984-08-15,11.63,13,
1984-08-22,11.77,13,
1984-08-29,11.5,13,
1984-09-05,11.68,13,
1984-09-12,11.52,13,
1984-09-19,11.46,13,
1984-09-26,10.73,13,
1984-10-03,11.2,12.75,
1984-10-10,10.01,12.75,
1984-10-17,10.22,12.71,
1984-10-24,9.45,12.5,
1984-10-31,9.73,12.29,
1984-11-07,9.87,12,
1984-11-14,9.55,11.79,
1984-11-21,9.47,11.75,
1984-11-28,9,11.68,
1984-12-05,8.83,11.25,
1984-12-12,8.7,11.25,
1984-12-19,7.99,11.25,
1984-12-26,7.95,10.75,
1985-01-02,8.75,10.75,
1985-01-09,8.27,10.75,
1985-01-16,8.23,10.68,
1985-01-23,8.19,10.5,
1985-01-30,8.45,10.5,
1985-02-06,8.59,10.5,
1985-02-13,8.44,10.5,
1985-02-20,8.57,10.5,
1985-02-27,8.4,10.5,
1985-03-06,8.63,10.5,
1985-03-13,8.52,10.5,
1985-03-20,8.75,10.5,
1985-03-27,8.38,10.5,
1985-04-03,8.68,10.5,
1985-04-10,8.45,10.5,
1985-04-17,8.46,10.5,
1985-04-24,7.69,10.5,
1985-05-01,8.35,10.5,
1985-05-08,8.19,10.5,
1985-05-15,8.14,10.5,
1985-05-22,7.91,10.29,
1985-05-29,7.6,10,
1985-06-05,7.75,10,
1985-06-12,7.62,10,
1985-06-19,7.13,9.86,
1985-06-26,7.46,9.5,
1985-07-03,8.06,9.5,
1985-07-10,8.07,9.5,
1985-07-17,7.77,9.5,
1985-07-24,7.88,9.5,
1985-07-31,7.64,9.5,
1985-08-07,7.92,9.5,
1985-08-14,7.88,9.5,
1985-08-21,8.06,9.5,
1985-08-28,7.78,9.5,
1985-09-04,7.88,9.5,
1985-09-11,7.8,9.5,
1985-09-18,7.85,9.5,
1985-09-25,7.96,9.5,
1985-10-02,8.12,9.5,
1985-10-09,7.84,9.5,
1985-10-16,8.03,9.5,
1985-10-23,8.14,9.5,
1985-10-30,7.89,9.5,
1985-11-06,8.3,9.5,
1985-11-13,7.95,9.5,
1985-11-20,8.13,9.5,
1985-11-27,7.71,9.5,
1985-12-04,8.49,9.5,
1985-12-11,8.03,9.5,
1985-12-18,8.05,9.5,
1985-12-25,8.02,9.5,
1986-01-01,9.55,9.5,
1986-01-08,8.2,9.5,
1986-01-15,7.94,9.5,
1986-01-22,7.87,9.5,
1986-01-29,7.83,9.5,
1986-02-05,7.97,9.5,
1986-02-12,7.85,9.5,
1986-02-19,7.84,9.5,
1986-02-26,7.82,9.5,
1986-03-05,7.89,9.5,
1986-03-12,7.52,9.07,
1986-03-19,7.47,9,
1986-03-26,7.25,9,
1986-04-02,7.39,9,
1986-04-09,7.05,9,
1986-04-16,6.97,9,
1986-04-23,6.92,8.79,
1986-04-30,6.88,8.5,
1986-05-07,6.87,8.5,
1986-05-14,6.82,8.5,
1986-05-21,6.87,8.5,
1986-05-28,6.85,8.5,
1986-06-04,6.95,8.5,
1986-06-11,6.89,8.5,
1986-06-18,6.87,8.5,
1986-06-25,6.86,8.5,
1986-07-02,7.02,8.5,
1986-07-09,6.87,8.5,
1986-07-16,6.51,8.07,
1986-07-23,6.42,8,
1986-07-30,6.32,8,
1986-08-06,6.36,8,
1986-08-13,6.31,8,
1986-08-20,6.38,8,
1986-08-27,5.87,7.86,
1986-09-03,5.83,7.5,
1986-09-10,5.82,7.5,
1986-09-17,5.88,7.5,
1986-09-24,5.81,7.5,
1986-10-01,6.08,7.5,
1986-10-08,5.75,7.5,
1986-10-15,5.83,7.5,
1986-10-22,5.91,7.5,
1986-10-29,5.86,7.5,
1986-11-05,6.02,7.5,
1986-11-12,5.98,7.5,
1986-11-19,6.13,7.5,
1986-11-26,6,7.5,
1986-12-03,6.25,7.5,
1986-12-10,5.97,7.5,
1986-12-17,6.3,7.5,
1986-12-24,6.31,7.5,
1986-12-31,9.2,7.5,
1987-01-07,7.62,7.5,
1987-01-14,6.01,7.5,
1987-01-21,6.01,7.5,
1987-01-28,6.13,7.5,
1987-02-04,6.22,7.5,
1987-02-11,6.14,7.5,
1987-02-18,6.21,7.5,
1987-02-25,5.95,7.5,
1987-03-04,6.06,7.5,
1987-03-11,6.12,7.5,
1987-03-18,6.08,7.5,
1987-03-25,6.14,7.5,
1987-04-01,6.21,7.54,
1987-04-08,6.13,7.75,
1987-04-15,6.41,7.75,
1987-04-22,6.26,7.75,
1987-04-29,6.5,7.75,
1987-05-06,7.3,7.96,
1987-05-13,6.75,8,
1987-05-20,6.77,8.21,
1987-05-27,6.8,8.25,
1987-06-03,6.65,8.25,
1987-06-10,6.7,8.25,
1987-06-17,6.75,8.25,
1987-06-24,6.79,8.25,
1987-07-01,6.61,8.25,
1987-07-08,6.64,8.25,
1987-07-15,6.52,8.25,
1987-07-22,6.57,8.25,
1987-07-29,6.63,8.25,
1987-08-05,6.75,8.25,
1987-08-12,6.58,8.25,
1987-08-19,6.74,8.25,
1987-08-26,6.76,8.25,
1987-09-02,6.85,8.25,
1987-09-09,6.95,8.68,
1987-09-16,7.21,8.75,
1987-09-23,7.26,8.75,
1987-09-30,7.56,8.75,
1987-10-07,7.43,8.82,
1987-10-14,7.59,9.25,
1987-10-21,7.37,9.25,
1987-10-28,7.03,9,
1987-11-04,6.43,9,
1987-11-11,6.68,8.75,
1987-11-18,6.77,8.75,
1987-11-25,6.78,8.75,
1987-12-02,6.89,8.75,
1987-12-09,6.84,8.75,
1987-12-16,6.58,8.75,
1987-12-23,6.75,8.75,
1987-12-30,6.81,8.75,
1988-01-06,7.02,8.75,
1988-01-13,6.81,8.75,
1988-01-20,6.89,8.75,
1988-01-27,6.66,8.75,
1988-02-03,6.77,8.68,
1988-02-10,6.38,8.5,
1988-02-17,6.65,8.5,
1988-02-24,6.64,8.5,
1988-03-02,6.6,8.5,
1988-03-09,6.51,8.5,
1988-03-16,6.61,8.5,
1988-03-23,6.51,8.5,
1988-03-30,6.62,8.5,
1988-04-06,6.82,8.5,
1988-04-13,6.81,8.5,
1988-04-20,6.93,8.5,
1988-04-27,6.85,8.5,
1988-05-04,6.82,8.5,
1988-05-11,7.02,8.57,
1988-05-18,7.04,9,
1988-05-25,7.14,9,
1988-06-01,7.41,9,
1988-06-08,7.37,9,
1988-06-15,7.43,9,
1988-06-22,7.54,9,
1988-06-29,7.63,9,
1988-07-06,7.81,9,
1988-07-13,7.59,9,
1988-07-20,7.83,9.5,
1988-07-27,7.8,9.5,
1988-08-03,7.84,9.5,
1988-08-10,7.75,9.5,
1988-08-17,8.19,10,
1988-08-24,8.02,10,
1988-08-31,8.15,10,
1988-09-07,8.15,10,
1988-09-14,8.13,10,
1988-09-21,8.17,10,
1988-09-28,8.24,10,
1988-10-05,8.38,10,
1988-10-12,8.27,10,
1988-10-19,8.27,10,
1988-10-26,8.29,10,
1988-11-02,8.36,10,
1988-11-09,8.31,10,
1988-11-16,8.26,10,
1988-11-23,8.33,10,
1988-11-30,8.44,10.21,
1988-12-07,8.59,10.5,
1988-12-14,8.51,10.5,
1988-12-21,8.87,10.5,
1988-12-28,8.86,10.5,
1989-01-04,9.22,10.5,
1989-01-11,9.08,10.5,
1989-01-18,9.13,10.5,
1989-01-25,9.06,10.5,
1989-02-01,9.16,10.5,
1989-02-08,9.1,10.5,
1989-02-15,9.27,10.93,
1989-02-22,9.39,11,
1989-03-01,9.8,11.43,
1989-03-08,9.83,11.5,
1989-03-15,9.83,11.5,
1989-03-22,9.86,11.5,
1989-03-29,9.88,11.5,
1989-04-05,9.71,11.5,
1989-04-12,9.82,11.5,
1989-04-19,9.95,11.5,
1989-04-26,9.86,11.5,
1989-05-03,9.88,11.5,
1989-05-10,9.86,11.5,
1989-05-17,9.75,11.5,
1989-05-24,9.74,11.5,
1989-05-31,9.84,11.5,
1989-06-07,9.68,11.29,
1989-06-14,9.35,11,
1989-06-21,9.48,11,
1989-06-28,9.58,11,
1989-07-05,9.58,11,
1989-07-12,9.31,11,
1989-07-19,9.24,11,
1989-07-26,9.14,11,
1989-08-02,8.95,10.79,
1989-08-09,8.98,10.5,
1989-08-16,9.04,10.5,
1989-08-23,9.01,10.5,
1989-08-30,8.96,10.5,
1989-09-06,8.96,10.5,
1989-09-13,8.96,10.5,
1989-09-20,9.05,10.5,
1989-09-27,9.02,10.5,
1989-10-04,9.18,10.5,
1989-10-11,8.93,10.5,
1989-10-18,8.76,10.5,
1989-10-25,8.72,10.5,
1989-11-01,8.8,10.5,
1989-11-08,8.69,10.5,
1989-11-15,8.46,10.5,
1989-11-22,8.46,10.5,
1989-11-29,8.51,10.5,
1989-12-06,8.52,10.5,
1989-12-13,8.47,10.5,
1989-12-20,8.52,10.5,
1989-12-27,8.38,10.5,
1990-01-03,8.32,10.5,
1990-01-10,8.22,10.29,
1990-01-17,8.2,10,
1990-01-24,8.23,10,
1990-01-31,8.24,10,
1990-02-07,8.22,10,
1990-02-14,8.21,10,
1990-02-21,8.25,10,
1990-02-28,8.27,10,
1990-03-07,8.28,10,
1990-03-14,8.27,10,
1990-03-21,8.27,10,
1990-03-28,8.26,10,
1990-04-04,8.33,10,
1990-04-11,8.25,10,
1990-04-18,8.27,10,
1990-04-25,8.24,10,
1990-05-02,8.12,10,
1990-05-09,8.2,10,
1990-05-16,8.16,10,
1990-05-23,8.22,10,
1990-05-30,8.19,10,
1990-06-06,8.26,10,
1990-06-13,8.3,10,
1990-06-20,8.28,10,
1990-06-27,8.28,10,
1990-07-04,8.33,10,
1990-07-11,8.28,10,
1990-07-18,8.14,10,
1990-07-25,8.05,10,
1990-08-01,8.03,10,
1990-08-08,8.07,10,
1990-08-15,8.13,10,
1990-08-22,8.3,10,
1990-08-29,8.08,10,
1990-09-05,8.25,10,
1990-09-12,8.12,10,
1990-09-19,8.18,10,
1990-09-26,8.26,10,
1990-10-03,8.23,10,
1990-10-10,8.2,10,
1990-10-17,7.96,10,
1990-10-24,7.99,10,
1990-10-31,8.17,10,
1990-11-07,7.97,10,
1990-11-14,7.94,10,
1990-11-21,7.8,10,
1990-11-28,7.56,10,
1990-12-05,7.6,10,
1990-12-12,7.25,10,
1990-12-19,7.29,10,
1990-12-26,7.16,10,
1991-01-02,7.17,9.93,
1991-01-09,6.4,9.5,
1991-01-16,6.77,9.5,
1991-01-23,6.88,9.5,
1991-01-30,7.46,9.5,
1991-02-06,6.32,9.29,
1991-02-13,6.29,9,
1991-02-20,6.26,9,
1991-02-27,6.31,9,
1991-03-06,6.47,9,
1991-03-13,6.17,9,
1991-03-20,6.1,9,
1991-03-27,6.1,9,
1991-04-03,6,9,
1991-04-10,5.9,9,
1991-04-17,5.69,9,
1991-04-24,5.92,9,
1991-05-01,5.92,8.93,
1991-05-08,5.79,8.5,
1991-05-15,5.78,8.5,
1991-05-22,5.79,8.5,
1991-05-29,5.72,8.5,
1991-06-05,5.91,8.5,
1991-06-12,5.75,8.5,
1991-06-19,5.78,8.5,
1991-06-26,5.79,8.5,
1991-07-03,6.34,8.5,
1991-07-10,5.79,8.5,
1991-07-17,5.85,8.5,
1991-07-24,5.75,8.5,
1991-07-31,5.79,8.5,
1991-08-07,5.83,8.5,
1991-08-14,5.62,8.5,
1991-08-21,5.68,8.5,
1991-08-28,5.58,8.5,
1991-09-04,5.6,8.5,
1991-09-11,5.56,8.5,
1991-09-18,5.44,8.07,
1991-09-25,5.29,8,
1991-10-02,5.33,8,
1991-10-09,5.19,8,
1991-10-16,5.28,8,
1991-10-23,5.24,8,
1991-10-30,5.1,8,
1991-11-06,5.05,7.93,
1991-11-13,4.74,7.5,
1991-11-20,4.89,7.5,
1991-11-27,4.68,7.5,
1991-12-04,4.79,7.5,
1991-12-11,4.54,7.5,
1991-12-18,4.49,7.5,
1991-12-25,4.22,7.07,
1992-01-01,4.19,6.5,
1992-01-08,4.19,6.5,
1992-01-15,4.01,6.5,
1992-01-22,3.87,6.5,
1992-01-29,4.01,6.5,
1992-02-05,4.17,6.5,
1992-02-12,3.93,6.5,
1992-02-19,4.2,6.5,
1992-02-26,3.96,6.5,
1992-03-04,4.08,6.5,
1992-03-11,3.95,6.5,
1992-03-18,4.04,6.5,
1992-03-25,3.94,6.5,
1992-04-01,4.09,6.5,
1992-04-08,3.98,6.5,
1992-04-15,3.65,6.5,
1992-04-22,3.47,6.5,
1992-04-29,3.65,6.5,
1992-05-06,3.77,6.5,
1992-05-13,3.84,6.5,
1992-05-20,3.89,6.5,
1992-05-27,3.8,6.5,
1992-06-03,3.85,6.5,
1992-06-10,3.69,6.5,
1992-06-17,3.73,6.5,
1992-06-24,3.72,6.5,
1992-07-01,3.87,6.5,
1992-07-08,3.24,6,
1992-07-15,3.28,6,
1992-07-22,3.22,6,
1992-07-29,3.18,6,
1992-08-05,3.33,6,
1992-08-12,3.24,6,
1992-08-19,3.33,6,
1992-08-26,3.27,6,
1992-09-02,3.33,6,
1992-09-09,3.09,6,
1992-09-16,3.28,6,
1992-09-23,3.07,6,
1992-09-30,3.41,6,
1992-10-07,3.2,6,
1992-10-14,3.2,6,
1992-10-21,3.05,6,
1992-10-28,2.96,6,
1992-11-04,3.07,6,
1992-11-11,2.91,6,
1992-11-18,2.97,6,
1992-11-25,3.1,6,
1992-12-02,3.37,6,
1992-12-09,2.94,6,
1992-12-16,2.93,6,
1992-12-23,2.94,6,
1992-12-30,2.86,6,
1993-01-06,3.03,6,
1993-01-13,2.98,6,
1993-01-20,3.1,6,
1993-01-27,2.94,6,
1993-02-03,3.15,6,
1993-02-10,2.92,6,
1993-02-17,3.06,6,
1993-02-24,2.91,6,
1993-03-03,3.24,6,
1993-03-10,3.02,6,
1993-03-17,3.04,6,
1993-03-24,2.93,6,
1993-03-31,3.18,6,
1993-04-07,3.11,6,
1993-04-14,2.93,6,
1993-04-21,2.91,6,
1993-04-28,2.87,6,
1993-05-05,2.98,6,
1993-05-12,2.9,6,
1993-05-19,3.01,6,
1993-05-26,3.07,6,
1993-06-02,3.09,6,
1993-06-09,2.96,6,
1993-06-16,3.01,6,
1993-06-23,3,6,
1993-06-30,3.13,6,
1993-07-07,3.1,6,
1993-07-14,3.01,6,
1993-07-21,3.09,6,
1993-07-28,3.03,6,
1993-08-04,3.1,6,
1993-08-11,2.98,6,
1993-08-18,3.06,6,
1993-08-25,2.98,6,
1993-09-01,3.08,6,
1993-09-08,2.99,6,
1993-09-15,3.03,6,
1993-09-22,3.12,6,
1993-09-29,3.05,6,
1993-10-06,3.24,6,
1993-10-13,2.91,6,
1993-10-20,2.97,6,
1993-10-27,2.97,6,
1993-11-03,3.04,6,
1993-11-10,2.96,6,
1993-11-17,3.03,6,
1993-11-24,2.98,6,
1993-12-01,3.09,6,
1993-12-08,2.92,6,
1993-12-15,2.94,6,
1993-12-22,2.99,6,
1993-12-29,2.99,6,
1994-01-05,3,6,
1994-01-12,2.98,6,
1994-01-19,3.13,6,
1994-01-26,2.97,6,
1994-02-02,3.17,6,
1994-02-09,3.2,6,
1994-02-16,3.25,6,
1994-02-23,3.25,6,
1994-03-02,3.28,6,
1994-03-09,3.25,6,
1994-03-16,3.19,6,
1994-03-23,3.31,6,
1994-03-30,3.49,6.25,
1994-04-06,3.69,6.25,
1994-04-13,3.37,6.25,
1994-04-20,3.59,6.39,
1994-04-27,3.59,6.75,
1994-05-04,3.76,6.75,
1994-05-11,3.7,6.75,
1994-05-18,4.02,6.89,
1994-05-25,4.22,7.25,
1994-06-01,4.27,7.25,
1994-06-08,4.13,7.25,
1994-06-15,4.21,7.25,
1994-06-22,4.19,7.25,
1994-06-29,4.19,7.25,
1994-07-06,4.38,7.25,
1994-07-13,4.3,7.25,
1994-07-20,4.3,7.25,
1994-07-27,4.28,7.25,
1994-08-03,4.28,7.25,
1994-08-10,4.26,7.25,
1994-08-17,4.35,7.39,
1994-08-24,4.66,7.75,
1994-08-31,4.72,7.75,
1994-09-07,4.74,7.75,
1994-09-14,4.7,7.75,
1994-09-21,4.73,7.75,
1994-09-28,4.66,7.75,
1994-10-05,5.07,7.75,
1994-10-12,4.62,7.75,
1994-10-19,4.72,7.75,
1994-10-26,4.72,7.75,
1994-11-02,4.77,7.75,
1994-11-09,4.74,7.75,
1994-11-16,5.22,7.96,
1994-11-23,5.53,8.5,
1994-11-30,5.85,8.5,
1994-12-07,5.47,8.5,
1994-12-14,5.48,8.5,
1994-12-21,5.56,8.5,
1994-12-28,5.45,8.5,
1995-01-04,5.4,8.5,
1995-01-11,5.53,8.5,
1995-01-18,5.45,8.5,
1995-01-25,5.42,8.5,
1995-02-01,5.63,8.57,
1995-02-08,5.95,9,
1995-02-15,5.93,9,
1995-02-22,5.94,9,
1995-03-01,5.88,9,
1995-03-08,5.93,9,
1995-03-15,5.94,9,
1995-03-22,5.97,9,
1995-03-29,6.06,9,
1995-04-05,6.2,9,
1995-04-12,5.98,9,
1995-04-19,6.07,9,
1995-04-26,5.99,9,
1995-05-03,6.05,9,
1995-05-10,6,9,
1995-05-17,6.02,9,
1995-05-24,5.99,9,
1995-05-31,6.02,9,
1995-06-07,6.03,9,
1995-06-14,6.02,9,
1995-06-21,6,9,
1995-06-28,5.95,9,
1995-07-05,6.21,9,
1995-07-12,5.81,8.79,
1995-07-19,5.72,8.75,
1995-07-26,5.75,8.75,
1995-08-02,5.83,8.75,
1995-08-09,5.73,8.75,
1995-08-16,5.74,8.75,
1995-08-23,5.7,8.75,
1995-08-30,5.71,8.75,
1995-09-06,5.77,8.75,
1995-09-13,5.73,8.75,
1995-09-20,5.78,8.75,
1995-09-27,5.8,8.75,
1995-10-04,6,8.75,
1995-10-11,5.72,8.75,
1995-10-18,5.71,8.75,
1995-10-25,5.76,8.75,
1995-11-01,5.76,8.75,
1995-11-08,5.71,8.75,
1995-11-15,5.74,8.75,
1995-11-22,5.81,8.75,
1995-11-29,5.91,8.75,
1995-12-06,5.75,8.75,
1995-12-13,5.73,8.75,
1995-12-20,5.9,8.71,
1995-12-27,5.48,8.5,
1996-01-03,5.35,8.5,
1996-01-10,5.53,8.5,
1996-01-17,5.61,8.5,
1996-01-24,5.44,8.5,
1996-01-31,5.53,8.5,
1996-02-07,5.21,8.25,
1996-02-14,5.09,8.25,
1996-02-21,5.17,8.25,
1996-02-28,5.31,8.25,
1996-03-06,5.57,8.25,
1996-03-13,5.24,8.25,
1996-03-20,5.36,8.25,
1996-03-27,5.22,8.25,
1996-04-03,5.3,8.25,
1996-04-10,5.08,8.25,
1996-04-17,5.24,8.25,
1996-04-24,5.24,8.25,
1996-05-01,5.3,8.25,
1996-05-08,5.22,8.25,
1996-05-15,5.26,8.25,
1996-05-22,5.22,8.25,
1996-05-29,5.19,8.25,
1996-06-05,5.33,8.25,
1996-06-12,5.24,8.25,
1996-06-19,5.45,8.25,
1996-06-26,5.21,8.25,
1996-07-03,5.53,8.25,
1996-07-10,5.26,8.25,
1996-07-17,5.23,8.25,
1996-07-24,5.25,8.25,
1996-07-31,5.53,8.25,
1996-08-07,5.38,8.25,
1996-08-14,5.1,8.25,
1996-08-21,5.18,8.25,
1996-08-28,5.21,8.25,
1996-09-04,5.39,8.25,
1996-09-11,5.16,8.25,
1996-09-18,5.22,8.25,
1996-09-25,5.34,8.25,
1996-10-02,5.4,8.25,
1996-10-09,5.14,8.25,
1996-10-16,5.22,8.25,
1996-10-23,5.22,8.25,
1996-10-30,5.27,8.25,
1996-11-06,5.32,8.25,
1996-11-13,5.21,8.25,
1996-11-20,5.41,8.25,
1996-11-27,5.3,8.25,
1996-12-04,5.52,8.25,
1996-12-11,5.22,8.25,
1996-12-18,5.38,8.25,
1996-12-25,5.18,8.25,
1997-01-01,5.37,8.25,
1997-01-08,5.28,8.25,
1997-01-15,5.19,8.25,
1997-01-22,5.19,8.25,
1997-01-29,5.18,8.25,
1997-02-05,5.3,8.25,
1997-02-12,5.05,8.25,
1997-02-19,5.22,8.25,
1997-02-26,5.16,8.25,
1997-03-05,5.36,8.25,
1997-03-12,5.19,8.25,
1997-03-19,5.26,8.25,
1997-03-26,5.4,8.29,
1997-04-02,5.86,8.5,
1997-04-09,5.37,8.5,
1997-04-16,5.48,8.5,
1997-04-23,5.48,8.5,
1997-04-30,5.61,8.5,
1997-05-07,5.55,8.5,
1997-05-14,5.49,8.5,
1997-05-21,5.52,8.5,
1997-05-28,5.43,8.5,
1997-06-04,5.54,8.5,
1997-06-11,5.48,8.5,
1997-06-18,5.62,8.5,
1997-06-25,5.42,8.5,
1997-07-02,5.82,8.5,
1997-07-09,5.48,8.5,
1997-07-16,5.44,8.5,
1997-07-23,5.43,8.5,
1997-07-30,5.57,8.5,
1997-08-06,5.62,8.5,
1997-08-13,5.45,8.5,
1997-08-20,5.59,8.5,
1997-08-27,5.56,8.5,
1997-09-03,5.64,8.5,
1997-09-10,5.48,8.5,
1997-09-17,5.58,8.5,
1997-09-24,5.45,8.5,
1997-10-01,5.58,8.5,
1997-10-08,5.46,8.5,
1997-10-15,5.45,8.5,
1997-10-22,5.54,8.5,
1997-10-29,5.5,8.5,
1997-11-05,5.6,8.5,
1997-11-12,5.5,8.5,
1997-11-19,5.51,8.5,
1997-11-26,5.49,8.5,
1997-12-03,5.58,8.5,
1997-12-10,5.4,8.5,
1997-12-17,5.66,8.5,
1997-12-24,5.44,8.5,
1997-12-31,5.45,8.5,
1998-01-07,5.74,8.5,
1998-01-14,5.45,8.5,
1998-01-21,5.53,8.5,
1998-01-28,5.53,8.5,
1998-02-04,5.52,8.5,
1998-02-11,5.43,8.5,
1998-02-18,5.54,8.5,
1998-02-25,5.51,8.5,
1998-03-04,5.6,8.5,
1998-03-11,5.45,8.5,
1998-03-18,5.47,8.5,
1998-03-25,5.43,8.5,
1998-04-01,5.6,8.5,
1998-04-08,5.48,8.5,
1998-04-15,5.47,8.5,
1998-04-22,5.37,8.5,
1998-04-29,5.4,8.5,
1998-05-06,5.35,8.5,
1998-05-13,5.49,8.5,
1998-05-20,5.6,8.5,
1998-05-27,5.45,8.5,
1998-06-03,5.63,8.5,
1998-06-10,5.43,8.5,
1998-06-17,5.58,8.5,
1998-06-24,5.42,8.5,
1998-07-01,5.88,8.5,
1998-07-08,5.47,8.5,
1998-07-15,5.49,8.5,
1998-07-22,5.5,8.5,
1998-07-29,5.54,8.5,
1998-08-05,5.61,8.5,
1998-08-12,5.5,8.5,
1998-08-19,5.59,8.5,
1998-08-26,5.48,8.5,
1998-09-02,5.61,8.5,
1998-09-09,5.47,8.5,
1998-09-16,5.54,8.5,
1998-09-23,5.42,8.5,
1998-09-30,5.58,8.46,
1998-10-07,5.22,8.25,
1998-10-14,5.14,8.25,
1998-10-21,4.87,8.04,
1998-10-28,4.95,8,
1998-11-04,5.22,8,
1998-11-11,4.8,8,
1998-11-18,4.89,7.96,
1998-11-25,4.54,7.75,
1998-12-02,4.86,7.75,
1998-12-09,4.68,7.75,
1998-12-16,4.97,7.75,
1998-12-23,4.69,7.75,
1998-12-30,4.48,7.75,
1999-01-06,4.3,7.75,
1999-01-13,4.75,7.75,
1999-01-20,4.64,7.75,
1999-01-27,4.66,7.75,
1999-02-03,4.75,7.75,
1999-02-10,4.77,7.75,
1999-02-17,4.75,7.75,
1999-02-24,4.75,7.75,
1999-03-03,4.85,7.75,
1999-03-10,4.8,7.75,
1999-03-17,4.79,7.75,
1999-03-24,4.79,7.75,
1999-03-31,4.84,7.75,
1999-04-07,4.8,7.75,
1999-04-14,4.68,7.75,
1999-04-21,4.61,7.75,
1999-04-28,4.79,7.75,
1999-05-05,4.9,7.75,
1999-05-12,4.7,7.75,
1999-05-19,4.76,7.75,
1999-05-26,4.73,7.75,
1999-06-02,4.65,7.75,
1999-06-09,4.71,7.75,
1999-06-16,4.73,7.75,
1999-06-23,4.71,7.75,
1999-06-30,4.95,7.75,
1999-07-07,5,8,
1999-07-14,4.97,8,
1999-07-21,4.96,8,
1999-07-28,5.01,8,
1999-08-04,5.06,8,
1999-08-11,4.96,8,
1999-08-18,5.03,8,
1999-08-25,5.02,8.04,
1999-09-01,5.34,8.25,
1999-09-08,5.16,8.25,
1999-09-15,5.24,8.25,
1999-09-22,5.16,8.25,
1999-09-29,5.27,8.25,
1999-10-06,5.27,8.25,
1999-10-13,5.17,8.25,
1999-10-20,5.18,8.25,
1999-10-27,5.18,8.25,
1999-11-03,5.27,8.25,
1999-11-10,5.2,8.25,
1999-11-17,5.44,8.29,
1999-11-24,5.52,8.5,
1999-12-01,5.63,8.5,
1999-12-08,5.45,8.5,
1999-12-15,5.44,8.5,
1999-12-22,5.46,8.5,
1999-12-29,5.01,8.5,
2000-01-05,4.72,8.5,
2000-01-12,5.62,8.5,
2000-01-19,5.59,8.5,
2000-01-26,5.43,8.5,
2000-02-02,5.66,8.5,
2000-02-09,5.71,8.75,
2000-02-16,5.75,8.75,
2000-02-23,5.72,8.75,
2000-03-01,5.77,8.75,
2000-03-08,5.73,8.75,
2000-03-15,5.79,8.75,
2000-03-22,5.81,8.79,
2000-03-29,6.01,9,
2000-04-05,6.12,9,
2000-04-12,5.98,9,
2000-04-19,6.04,9,
2000-04-26,5.97,9,
2000-05-03,6.06,9,
2000-05-10,5.96,9,
2000-05-17,6.16,9.07,
2000-05-24,6.5,9.5,
2000-05-31,6.53,9.5,
2000-06-07,6.49,9.5,
2000-06-14,6.5,9.5,
2000-06-21,6.51,9.5,
2000-06-28,6.53,9.5,
2000-07-05,6.85,9.5,
2000-07-12,6.44,9.5,
2000-07-19,6.5,9.5,
2000-07-26,6.5,9.5,
2000-08-02,6.49,9.5,
2000-08-09,6.45,9.5,
2000-08-16,6.53,9.5,
2000-08-23,6.46,9.5,
2000-08-30,6.54,9.5,
2000-09-06,6.56,9.5,
2000-09-13,6.5,9.5,
2000-09-20,6.5,9.5,
2000-09-27,6.5,9.5,
2000-10-04,6.58,9.5,
2000-10-11,6.47,9.5,
2000-10-18,6.49,9.5,
2000-10-25,6.51,9.5,
2000-11-01,6.55,9.5,
2000-11-08,6.49,9.5,
2000-11-15,6.52,9.5,
2000-11-22,6.51,9.5,
2000-11-29,6.5,9.5,
2000-12-06,6.57,9.5,
2000-12-13,6.47,9.5,
2000-12-20,6.53,9.5,
2000-12-27,6.48,9.5,
2001-01-03,5.88,9.5,
2001-01-10,5.91,9,
2001-01-17,6.02,9,
2001-01-24,5.96,9,
2001-01-31,5.94,9,
2001-02-07,5.51,8.5,
2001-02-14,5.47,8.5,
2001-02-21,5.5,8.5,
2001-02-28,5.5,8.5,
2001-03-07,5.49,8.5,
2001-03-14,5.46,8.5,
2001-03-21,5.33,8.43,
2001-03-28,5,8,
2001-04-04,5.21,8,
2001-04-11,4.96,8,
2001-04-18,4.98,8,
2001-04-25,4.42,7.5,
2001-05-02,4.53,7.5,
2001-05-09,4.43,7.5,
2001-05-16,4.37,7.43,
2001-05-23,3.98,7,
2001-05-30,3.98,7,
2001-06-06,4.08,7,
2001-06-13,4,7,
2001-06-20,3.95,7,
2001-06-27,3.91,7,
2001-07-04,3.89,6.75,
2001-07-11,3.67,6.75,
2001-07-18,3.76,6.75,
2001-07-25,3.81,6.75,
2001-08-01,3.79,6.75,
2001-08-08,3.7,6.75,
2001-08-15,3.75,6.75,
2001-08-22,3.63,6.71,
2001-08-29,3.52,6.5,
2001-09-05,3.63,6.5,
2001-09-12,3.49,6.5,
2001-09-19,2.47,6.36,
2001-09-26,2.99,6,
2001-10-03,2.71,5.93,
2001-10-10,2.44,5.5,
2001-10-17,2.44,5.5,
2001-10-24,2.49,5.5,
2001-10-31,2.55,5.5,
2001-11-07,2.36,5.43,
2001-11-14,2.03,5,
2001-11-21,2.01,5,
2001-11-28,1.95,5,
2001-12-05,2.02,5,
2001-12-12,1.88,4.96,
2001-12-19,1.84,4.75,
2001-12-26,1.77,4.75,
2002-01-02,1.63,4.75,
2002-01-09,1.64,4.75,
2002-01-16,1.74,4.75,
2002-01-23,1.74,4.75,
2002-01-30,1.78,4.75,
2002-02-06,1.74,4.75,
2002-02-13,1.72,4.75,
2002-02-20,1.75,4.75,
2002-02-27,1.75,4.75,
2002-03-06,1.74,4.75,
2002-03-13,1.71,4.75,
2002-03-20,1.76,4.75,
2002-03-27,1.7,4.75,
2002-04-03,1.77,4.75,
2002-04-10,1.71,4.75,
2002-04-17,1.78,4.75,
2002-04-24,1.7,4.75,
2002-05-01,1.81,4.75,
2002-05-08,1.74,4.75,
2002-05-15,1.75,4.75,
2002-05-22,1.71,4.75,
2002-05-29,1.78,4.75,
2002-06-05,1.78,4.75,
2002-06-12,1.74,4.75,
2002-06-19,1.75,4.75,
2002-06-26,1.75,4.75,
2002-07-03,1.75,4.75,
2002-07-10,1.73,4.75,
2002-07-17,1.74,4.75,
2002-07-24,1.72,4.75,
2002-07-31,1.72,4.75,
2002-08-07,1.74,4.75,
2002-08-14,1.72,4.75,
2002-08-21,1.73,4.75,
2002-08-28,1.76,4.75,
2002-09-04,1.81,4.75,
2002-09-11,1.73,4.75,
2002-09-18,1.73,4.75,
2002-09-25,1.72,4.75,
2002-10-02,1.8,4.75,
2002-10-09,1.73,4.75,
2002-10-16,1.75,4.75,
2002-10-23,1.72,4.75,
2002-10-30,1.79,4.75,
2002-11-06,1.7,4.75,
2002-11-13,1.21,4.25,
2002-11-20,1.28,4.25,
2002-11-27,1.27,4.25,
2002-12-04,1.24,4.25,
2002-12-11,1.23,4.25,
2002-12-18,1.27,4.25,
2002-12-25,1.23,4.25,
2003-01-01,1.2,4.25,
2003-01-08,1.2,4.25,
2003-01-15,1.26,4.25,2.25
2003-01-22,1.23,4.25,2.25
2003-01-29,1.24,4.25,2.25
2003-02-05,1.29,4.25,2.25
2003-02-12,1.22,4.25,2.25
2003-02-19,1.3,4.25,2.25
2003-02-26,1.24,4.25,2.25
2003-03-05,1.29,4.25,2.25
2003-03-12,1.21,4.25,2.25
2003-03-19,1.27,4.25,2.25
2003-03-26,1.22,4.25,2.25
2003-04-02,1.28,4.25,2.25
2003-04-09,1.23,4.25,2.25
2003-04-16,1.27,4.25,2.25
2003-04-23,1.26,4.25,2.25
2003-04-30,1.28,4.25,2.25
2003-05-07,1.26,4.25,2.25
2003-05-14,1.25,4.25,2.25
2003-05-21,1.27,4.25,2.25
2003-05-28,1.24,4.25,2.25
2003-06-04,1.26,4.25,2.25
2003-06-11,1.24,4.25,2.25
2003-06-18,1.25,4.25,2.25
2003-06-25,1.21,4.25,2.21
2003-07-02,1.13,4.04,2
2003-07-09,0.96,4,2
2003-07-16,1.02,4,2
2003-07-23,1.01,4,2
2003-07-30,1.04,4,2
2003-08-06,0.97,4,2
2003-08-13,0.98,4,2
2003-08-20,1.18,4,2
2003-08-27,1,4,2
2003-09-03,1.01,4,2
2003-09-10,0.96,4,2
2003-09-17,1.02,4,2
2003-09-24,1,4,2
2003-10-01,1.07,4,2
2003-10-08,0.99,4,2
2003-10-15,1.03,4,2
2003-10-22,1,4,2
2003-10-29,1,4,2
2003-11-05,1.01,4,2
2003-11-12,0.99,4,2
2003-11-19,0.99,4,2
2003-11-26,0.99,4,2
2003-12-03,1,4,2
2003-12-10,0.98,4,2
2003-12-17,1,4,2
2003-12-24,0.99,4,2
2003-12-31,0.96,4,2
2004-01-07,0.97,4,2
2004-01-14,0.99,4,2
2004-01-21,1,4,2
2004-01-28,1.02,4,2
2004-02-04,1.01,4,2
2004-02-11,1,4,2
2004-02-18,1.01,4,2
2004-02-25,1,4,2
2004-03-03,1.03,4,2
2004-03-10,1,4,2
2004-03-17,1,4,2
2004-03-24,0.99,4,2
2004-03-31,1.01,4,2
2004-04-07,1.01,4,2
2004-04-14,1.01,4,2
2004-04-21,1,4,2
2004-04-28,1,4,2
2004-05-05,1.02,4,2
2004-05-12,0.99,4,2
2004-05-19,1.02,4,2
2004-05-26,0.99,4,2
2004-06-02,1.01,4,2
2004-06-09,0.99,4,2
2004-06-16,1.01,4,2
2004-06-23,1,4,2
2004-06-30,1.11,4.04,2.04
2004-07-07,1.28,4.25,2.25
2004-07-14,1.25,4.25,2.25
2004-07-21,1.25,4.25,2.25
2004-07-28,1.26,4.25,2.25
2004-08-04,1.27,4.25,2.25
2004-08-11,1.36,4.32,2.32
2004-08-18,1.42,4.5,2.5
2004-08-25,1.51,4.5,2.5
2004-09-01,1.53,4.5,2.5
2004-09-08,1.5,4.5,2.5
2004-09-15,1.49,4.5,2.5
2004-09-22,1.64,4.57,2.57
2004-09-29,1.76,4.75,2.75
2004-10-06,1.82,4.75,2.75
2004-10-13,1.73,4.75,2.75
2004-10-20,1.76,4.75,2.75
2004-10-27,1.74,4.75,2.75
2004-11-03,1.78,4.75,2.75
2004-11-10,1.79,4.79,2.79
2004-11-17,2,5,3
2004-11-24,2,5,3
2004-12-01,2.02,5,3
2004-12-08,2,5,3
2004-12-15,2.15,5.07,3.07
2004-12-22,2.24,5.25,3.25
2004-12-29,2.27,5.25,3.25
2005-01-05,2.14,5.25,3.25
2005-01-12,2.25,5.25,3.25
2005-01-19,2.28,5.25,3.25
2005-01-26,2.27,5.25,3.25
2005-02-02,2.43,5.29,3.29
2005-02-09,2.5,5.5,3.5
2005-02-16,2.5,5.5,3.5
2005-02-23,2.52,5.5,3.5
2005-03-02,2.51,5.5,3.5
2005-03-09,2.5,5.5,3.5
2005-03-16,2.55,5.5,3.5
2005-03-23,2.71,5.57,3.57
2005-03-30,2.77,5.75,3.75
2005-04-06,2.81,5.75,3.75
2005-04-13,2.76,5.75,3.75
2005-04-20,2.78,5.75,3.75
2005-04-27,2.74,5.75,3.75
2005-05-04,2.96,5.82,3.82
2005-05-11,2.99,6,4
2005-05-18,3.01,6,4
2005-05-25,3.01,6,4
2005-06-01,3.02,6,4
2005-06-08,2.98,6,4
2005-06-15,3.02,6,4
2005-06-22,2.98,6,4
2005-06-29,3.11,6,4
2005-07-06,3.29,6.25,4.25
2005-07-13,3.22,6.25,4.25
2005-07-20,3.26,6.25,4.25
2005-07-27,3.26,6.25,4.25
2005-08-03,3.29,6.25,4.25
2005-08-10,3.48,6.32,4.32
2005-08-17,3.54,6.5,4.5
2005-08-24,3.52,6.5,4.5
2005-08-31,3.55,6.5,4.5
2005-09-07,3.51,6.5,4.5
2005-09-14,3.49,6.5,4.5
2005-09-21,3.65,6.57,4.57
2005-09-28,3.77,6.75,4.75
2005-10-05,3.85,6.75,4.75
2005-10-12,3.68,6.75,4.75
2005-10-19,3.76,6.75,4.75
2005-10-26,3.76,6.75,4.75
2005-11-02,3.94,6.82,4.82
2005-11-09,4,7,5
2005-11-16,3.98,7,5
2005-11-23,4,7,5
2005-11-30,4.02,7,5
2005-12-07,4,7,5
2005-12-14,4.19,7.07,5.07
2005-12-21,4.24,7.25,5.25
2005-12-28,4.22,7.25,5.25
2006-01-04,4.16,7.25,5.25
2006-01-11,4.23,7.25,5.25
2006-01-18,4.29,7.25,5.25
2006-01-25,4.26,7.25,5.25
2006-02-01,4.44,7.32,5.32
2006-02-08,4.5,7.5,5.5
2006-02-15,4.49,7.5,5.5
2006-02-22,4.49,7.5,5.5
2006-03-01,4.5,7.5,5.5
2006-03-08,4.51,7.5,5.5
2006-03-15,4.51,7.5,5.5
2006-03-22,4.57,7.5,5.5
2006-03-29,4.7,7.57,5.57
2006-04-05,4.88,7.75,5.75
2006-04-12,4.76,7.75,5.75
2006-04-19,4.77,7.75,5.75
2006-04-26,4.74,7.75,5.75
2006-05-03,4.83,7.75,5.75
2006-05-10,4.84,7.79,5.79
2006-05-17,5,8,6
2006-05-24,4.98,8,6
2006-05-31,5.01,8,6
2006-06-07,4.99,8,6
2006-06-14,5,8,6
2006-06-21,4.95,8,6
2006-06-28,5,8,6
2006-07-05,5.14,8.25,6.25
2006-07-12,5.24,8.25,6.25
2006-07-19,5.25,8.25,6.25
2006-07-26,5.24,8.25,6.25
2006-08-02,5.27,8.25,6.25
2006-08-09,5.25,8.25,6.25
2006-08-16,5.23,8.25,6.25
2006-08-23,5.24,8.25,6.25
2006-08-30,5.25,8.25,6.25
2006-09-06,5.25,8.25,6.25
2006-09-13,5.23,8.25,6.25
2006-09-20,5.24,8.25,6.25
2006-09-27,5.27,8.25,6.25
2006-10-04,5.3,8.25,6.25
2006-10-11,5.23,8.25,6.25
2006-10-18,5.23,8.25,6.25
2006-10-25,5.24,8.25,6.25
2006-11-01,5.25,8.25,6.25
2006-11-08,5.24,8.25,6.25
2006-11-15,5.25,8.25,6.25
2006-11-22,5.24,8.25,6.25
2006-11-29,5.26,8.25,6.25
2006-12-06,5.25,8.25,6.25
2006-12-13,5.24,8.25,6.25
2006-12-20,5.25,8.25,6.25
2006-12-27,5.24,8.25,6.25
2007-01-03,5.22,8.25,6.25
2007-01-10,5.23,8.25,6.25
2007-01-17,5.24,8.25,6.25
2007-01-24,5.25,8.25,6.25
2007-01-31,5.27,8.25,6.25
2007-02-07,5.25,8.25,6.25
2007-02-14,5.26,8.25,6.25
2007-02-21,5.25,8.25,6.25
2007-02-28,5.28,8.25,6.25
2007-03-07,5.25,8.25,6.25
2007-03-14,5.25,8.25,6.25
2007-03-21,5.26,8.25,6.25
2007-03-28,5.26,8.25,6.25
2007-04-04,5.26,8.25,6.25
2007-04-11,5.28,8.25,6.25
2007-04-18,5.24,8.25,6.25
2007-04-25,5.23,8.25,6.25
2007-05-02,5.25,8.25,6.25
2007-05-09,5.23,8.25,6.25
2007-05-16,5.27,8.25,6.25
2007-05-23,5.24,8.25,6.25
2007-05-30,5.28,8.25,6.25
2007-06-06,5.24,8.25,6.25
2007-06-13,5.26,8.25,6.25
2007-06-20,5.25,8.25,6.25
2007-06-27,5.25,8.25,6.25
2007-07-04,5.28,8.25,6.25
2007-07-11,5.23,8.25,6.25
2007-07-18,5.27,8.25,6.25
2007-07-25,5.26,8.25,6.25
2007-08-01,5.27,8.25,6.25
2007-08-08,5.25,8.25,6.25
2007-08-15,4.79,8.25,6.25
2007-08-22,4.91,8.25,5.82
2007-08-29,5.11,8.25,5.75
2007-09-05,5.03,8.25,5.75
2007-09-12,4.98,8.25,5.75
2007-09-19,5.12,8.11,5.61
2007-09-26,4.78,7.75,5.25
2007-10-03,4.72,7.75,5.25
2007-10-10,4.75,7.75,5.25
2007-10-17,4.74,7.75,5.25
2007-10-24,4.73,7.75,5.25
2007-10-31,4.78,7.71,5.21
2007-11-07,4.33,7.5,5
2007-11-14,4.54,7.5,5
2007-11-21,4.51,7.5,5
2007-11-28,4.53,7.5,5
2007-12-05,4.55,7.5,5
2007-12-12,4.39,7.43,4.93
2007-12-19,4.21,7.25,4.75
2007-12-26,4.21,7.25,4.75
2008-01-02,3.77,7.25,4.75
2008-01-09,4.23,7.25,4.75
2008-01-16,4.24,7.25,4.75
2008-01-23,4,7.04,4.54
2008-01-30,3.5,6.43,3.93
2008-02-06,3.01,6,3.5
2008-02-13,3,6,3.5
2008-02-20,2.98,6,3.5
2008-02-27,2.96,6,3.5
2008-03-05,3,6,3.5
2008-03-12,2.97,6,3.5
2008-03-19,2.7,5.79,3.18
2008-03-26,2.18,5.25,2.5
2008-04-02,2.23,5.25,2.5
2008-04-09,2.23,5.25,2.5
2008-04-16,2.34,5.25,2.5
2008-04-23,2.25,5.25,2.5
2008-04-30,2.28,5.21,2.46
2008-05-07,1.94,5,2.25
2008-05-14,1.96,5,2.25
2008-05-21,1.96,5,2.25
2008-05-28,2.05,5,2.25
2008-06-04,1.99,5,2.25
2008-06-11,1.99,5,2.25
2008-06-18,1.98,5,2.25
2008-06-25,1.97,5,2.25
2008-07-02,2.08,5,2.25
2008-07-09,1.95,5,2.25
2008-07-16,2.01,5,2.25
2008-07-23,1.99,5,2.25
2008-07-30,2.08,5,2.25
2008-08-06,2.02,5,2.25
2008-08-13,1.99,5,2.25
2008-08-20,2.02,5,2.25
2008-08-27,1.99,5,2.25
2008-09-03,1.96,5,2.25
2008-09-10,1.99,5,2.25
2008-09-17,2.25,5,2.25
2008-09-24,1.54,5,2.25
2008-10-01,1.32,5,2.25
2008-10-08,1.59,4.93,2.18
2008-10-15,0.96,4.5,1.75
2008-10-22,0.69,4.5,1.75
2008-10-29,0.82,4.43,1.68
2008-11-05,0.24,4,1.25
2008-11-12,0.28,4,1.25
2008-11-19,0.36,4,1.25
2008-11-26,0.56,4,1.25
2008-12-03,0.49,4,1.25
2008-12-10,0.13,4,1.25
2008-12-17,0.15,3.79,1.04
2008-12-24,0.11,3.25,0.5
2008-12-31,0.1,3.25,0.5
2009-01-07,0.1,3.25,0.5
2009-01-14,0.1,3.25,0.5
2009-01-21,0.2,3.25,0.5
2009-01-28,0.19,3.25,0.5
2009-02-04,0.23,3.25,0.5
2009-02-11,0.23,3.25,0.5
2009-02-18,0.23,3.25,0.5
2009-02-25,0.2,3.25,0.5
2009-03-04,0.22,3.25,0.5
2009-03-11,0.2,3.25,0.5
2009-03-18,0.17,3.25,0.5
2009-03-25,0.17,3.25,0.5
2009-04-01,0.16,3.25,0.5
2009-04-08,0.14,3.25,0.5
2009-04-15,0.15,3.25,0.5
2009-04-22,0.14,3.25,0.5
2009-04-29,0.17,3.25,0.5
2009-05-06,0.21,3.25,0.5
2009-05-13,0.17,3.25,0.5
2009-05-20,0.16,3.25,0.5
2009-05-27,0.17,3.25,0.5
2009-06-03,0.19,3.25,0.5
2009-06-10,0.2,3.25,0.5
2009-06-17,0.19,3.25,0.5
2009-06-24,0.24,3.25,0.5
2009-07-01,0.19,3.25,0.5
2009-07-08,0.17,3.25,0.5
2009-07-15,0.14,3.25,0.5
2009-07-22,0.15,3.25,0.5
2009-07-29,0.15,3.25,0.5
2009-08-05,0.18,3.25,0.5
2009-08-12,0.17,3.25,0.5
2009-08-19,0.16,3.25,0.5
2009-08-26,0.16,3.25,0.5
2009-09-02,0.15,3.25,0.5
2009-09-09,0.15,3.25,0.5
2009-09-16,0.16,3.25,0.5
2009-09-23,0.16,3.25,0.5
2009-09-30,0.12,3.25,0.5
2009-10-07,0.13,3.25,0.5
2009-10-14,0.12,3.25,0.5
2009-10-21,0.12,3.25,0.5
2009-10-28,0.11,3.25,0.5
2009-11-04,0.12,3.25,0.5
2009-11-11,0.12,3.25,0.5
2009-11-18,0.12,3.25,0.5
2009-11-25,0.11,3.25,0.5
2009-12-02,0.12,3.25,0.5
2009-12-09,0.12,3.25,0.5
2009-12-16,0.12,3.25,0.5
2009-12-23,0.12,3.25,0.5
2009-12-30,0.11,3.25,0.5
2010-01-06,0.08,3.25,0.5
2010-01-13,0.11,3.25,0.5
2010-01-20,0.12,3.25,0.5
2010-01-27,0.12,3.25,0.5
2010-02-03,0.13,3.25,0.5
2010-02-10,0.13,3.25,0.5
2010-02-17,0.12,3.25,0.5
2010-02-24,0.12,3.25,0.71
2010-03-03,0.13,3.25,0.75
2010-03-10,0.16,3.25,0.75
2010-03-17,0.18,3.25,0.75
2010-03-24,0.18,3.25,0.75
2010-03-31,0.16,3.25,0.75
2010-04-07,0.19,3.25,0.75
2010-04-14,0.19,3.25,0.75
2010-04-21,0.21,3.25,0.75
2010-04-28,0.2,3.25,0.75
2010-05-05,0.2,3.25,0.75
2010-05-12,0.2,3.25,0.75
2010-05-19,0.2,3.25,0.75
2010-05-26,0.2,3.25,0.75
2010-06-02,0.19,3.25,0.75
2010-06-09,0.19,3.25,0.75
2010-06-16,0.18,3.25,0.75
2010-06-23,0.18,3.25,0.75
2010-06-30,0.15,3.25,0.75
2010-07-07,0.18,3.25,0.75
2010-07-14,0.17,3.25,0.75
2010-07-21,0.19,3.25,0.75
2010-07-28,0.19,3.25,0.75
2010-08-04,0.19,3.25,0.75
2010-08-11,0.18,3.25,0.75
2010-08-18,0.19,3.25,0.75
2010-08-25,0.19,3.25,0.75
2010-09-01,0.19,3.25,0.75
2010-09-08,0.19,3.25,0.75
2010-09-15,0.19,3.25,0.75
2010-09-22,0.21,3.25,0.75
2010-09-29,0.2,3.25,0.75
2010-10-06,0.19,3.25,0.75
2010-10-13,0.18,3.25,0.75
2010-10-20,0.19,3.25,0.75
2010-10-27,0.19,3.25,0.75
2010-11-03,0.2,3.25,0.75
2010-11-10,0.18,3.25,0.75
2010-11-17,0.19,3.25,0.75
2010-11-24,0.2,3.25,0.75
2010-12-01,0.2,3.25,0.75
2010-12-08,0.18,3.25,0.75
2010-12-15,0.17,3.25,0.75
2010-12-22,0.2,3.25,0.75
2010-12-29,0.19,3.25,0.75
2011-01-05,0.16,3.25,0.75
2011-01-12,0.17,3.25,0.75
2011-01-19,0.17,3.25,0.75
2011-01-26,0.17,3.25,0.75
2011-02-02,0.17,3.25,0.75
2011-02-09,0.17,3.25,0.75
2011-02-16,0.15,3.25,0.75
2011-02-23,0.15,3.25,0.75
2011-03-02,0.15,3.25,0.75
2011-03-09,0.15,3.25,0.75
2011-03-16,0.14,3.25,0.75
2011-03-23,0.14,3.25,0.75
2011-03-30,0.13,3.25,0.75
2011-04-06,0.1,3.25,0.75
2011-04-13,0.09,3.25,0.75
2011-04-20,0.11,3.25,0.75
2011-04-27,0.1,3.25,0.75
2011-05-04,0.09,3.25,0.75
2011-05-11,0.09,3.25,0.75
2011-05-18,0.09,3.25,0.75
2011-05-25,0.1,3.25,0.75
2011-06-01,0.1,3.25,0.75
2011-06-08,0.1,3.25,0.75
2011-06-15,0.09,3.25,0.75
2011-06-22,0.1,3.25,0.75
2011-06-29,0.08,3.25,0.75
2011-07-06,0.08,3.25,0.75
2011-07-13,0.07,3.25,0.75
2011-07-20,0.06,3.25,0.75
2011-07-27,0.06,3.25,0.75
2011-08-03,0.12,3.25,0.75
2011-08-10,0.09,3.25,0.75
2011-08-17,0.1,3.25,0.75
2011-08-24,0.09,3.25,0.75
2011-08-31,0.09,3.25,0.75
2011-09-07,0.08,3.25,0.75
2011-09-14,0.09,3.25,0.75
2011-09-21,0.09,3.25,0.75
2011-09-28,0.08,3.25,0.75
2011-10-05,0.07,3.25,0.75
2011-10-12,0.07,3.25,0.75
2011-10-19,0.07,3.25,0.75
2011-10-26,0.07,3.25,0.75
2011-11-02,0.08,3.25,0.75
2011-11-09,0.08,3.25,0.75
2011-11-16,0.08,3.25,0.75
2011-11-23,0.08,3.25,0.75
2011-11-30,0.08,3.25,0.75
2011-12-07,0.08,3.25,0.75
2011-12-14,0.07,3.25,0.75
2011-12-21,0.07,3.25,0.75
2011-12-28,0.08,3.25,0.75
2012-01-04,0.05,3.25,0.75
2012-01-11,0.07,3.25,0.75
2012-01-18,0.09,3.25,0.75
2012-01-25,0.09,3.25,0.75
2012-02-01,0.09,3.25,0.75
2012-02-08,0.11,3.25,0.75
2012-02-15,0.12,3.25,0.75
2012-02-22,0.09,3.25,0.75
2012-02-29,0.09,3.25,0.75
2012-03-07,0.11,3.25,0.75
2012-03-14,0.12,3.25,0.75
2012-03-21,0.15,3.25,0.75
2012-03-28,0.14,3.25,0.75
2012-04-04,0.12,3.25,0.75
2012-04-11,0.14,3.25,0.75
2012-04-18,0.15,3.25,0.75
2012-04-25,0.13,3.25,0.75
2012-05-02,0.14,3.25,0.75
2012-05-09,0.16,3.25,0.75
2012-05-16,0.15,3.25,0.75
2012-05-23,0.16,3.25,0.75
2012-05-30,0.15,3.25,0.75
2012-06-06,0.16,3.25,0.75
2012-06-13,0.17,3.25,0.75
2012-06-20,0.17,3.25,0.75
2012-06-27,0.17,3.25,0.75
2012-07-04,0.13,3.25,0.75
2012-07-11,0.17,3.25,0.75
2012-07-18,0.18,3.25,0.75
2012-07-25,0.14,3.25,0.75
2012-08-01,0.14,3.25,0.75
2012-08-08,0.14,3.25,0.75
2012-08-15,0.13,3.25,0.75
2012-08-22,0.13,3.25,0.75
2012-08-29,0.13,3.25,0.75
2012-09-05,0.14,3.25,0.75
2012-09-12,0.15,3.25,0.75
2012-09-19,0.16,3.25,0.75
2012-09-26,0.15,3.25,0.75
2012-10-03,0.13,3.25,0.75
2012-10-10,0.15,3.25,0.75
2012-10-17,0.16,3.25,0.75
2012-10-24,0.16,3.25,0.75
2012-10-31,0.17,3.25,0.75
2012-11-07,0.16,3.25,0.75
2012-11-14,0.16,3.25,0.75
2012-11-21,0.16,3.25,0.75
2012-11-28,0.16,3.25,0.75
2012-12-05,0.16,3.25,0.75
2012-12-12,0.16,3.25,0.75
2012-12-19,0.17,3.25,0.75
2012-12-26,0.17,3.25,0.75
2013-01-02,0.15,3.25,0.75
2013-01-09,0.16,3.25,0.75
2013-01-16,0.14,3.25,0.75
2013-01-23,0.14,3.25,0.75
2013-01-30,0.14,3.25,0.75
2013-02-06,0.14,3.25,0.75
2013-02-13,0.14,3.25,0.75
2013-02-20,0.15,3.25,0.75
2013-02-27,0.15,3.25,0.75
2013-03-06,0.15,3.25,0.75
2013-03-13,0.15,3.25,0.75
2013-03-20,0.16,3.25,0.75
2013-03-27,0.15,3.25,0.75
2013-04-03,0.12,3.25,0.75
2013-04-10,0.15,3.25,0.75
2013-04-17,0.15,3.25,0.75
2013-04-24,0.15,3.25,0.75
2013-05-01,0.13,3.25,0.75
2013-05-08,0.14,3.25,0.75
2013-05-15,0.12,3.25,0.75
2013-05-22,0.1,3.25,0.75
2013-05-29,0.09,3.25,0.75
2013-06-05,0.09,3.25,0.75
2013-06-12,0.09,3.25,0.75
2013-06-19,0.1,3.25,0.75
2013-06-26,0.1,3.25,0.75
2013-07-03,0.09,3.25,0.75
2013-07-10,0.1,3.25,0.75
2013-07-17,0.09,3.25,0.75
2013-07-24,0.09,3.25,0.75
2013-07-31,0.09,3.25,0.75
2013-08-07,0.09,3.25,0.75
2013-08-14,0.08,3.25,0.75
2013-08-21,0.09,3.25,0.75
2013-08-28,0.08,3.25,0.75
2013-09-04,0.08,3.25,0.75
2013-09-11,0.08,3.25,0.75
2013-09-18,0.08,3.25,0.75
2013-09-25,0.08,3.25,0.75
2013-10-02,0.08,3.25,0.75
2013-10-09,0.08,3.25,0.75
2013-10-16,0.1,3.25,0.75
2013-10-23,0.09,3.25,0.75
2013-10-30,0.08,3.25,0.75
2013-11-06,0.08,3.25,0.75
2013-11-13,0.08,3.25,0.75
2013-11-20,0.09,3.25,0.75
2013-11-27,0.09,3.25,0.75
2013-12-04,0.08,3.25,0.75
2013-12-11,0.09,3.25,0.75
2013-12-18,0.09,3.25,0.75
2013-12-25,0.09,3.25,0.75
2014-01-01,0.08,3.25,0.75
2014-01-08,0.08,3.25,0.75
2014-01-15,0.07,3.25,0.75
2014-01-22,0.07,3.25,0.75
2014-01-29,0.07,3.25,0.75
2014-02-05,0.07,3.25,0.75
2014-02-12,0.06,3.25,0.75
2014-02-19,0.06,3.25,0.75
2014-02-26,0.07,3.25,0.75
2014-03-05,0.07,3.25,0.75
2014-03-12,0.08,3.25,0.75
2014-03-19,0.08,3.25,0.75
2014-03-26,0.08,3.25,0.75
2014-04-02,0.08,3.25,0.75
2014-04-09,0.08,3.25,0.75
2014-04-16,0.09,3.25,0.75
2014-04-23,0.1,3.25,0.75
2014-04-30,0.09,3.25,0.75
2014-05-07,0.09,3.25,0.75
2014-05-14,0.08,3.25,0.75
2014-05-21,0.09,3.25,0.75
2014-05-28,0.09,3.25,0.75
2014-06-04,0.09,3.25,0.75
2014-06-11,0.09,3.25,0.75
2014-06-18,0.1,3.25,0.75
2014-06-25,0.1,3.25,0.75
2014-07-02,0.1,3.25,0.75
2014-07-09,0.09,3.25,0.75
2014-07-16,0.09,3.25,0.75
2014-07-23,0.09,3.25,0.75
2014-07-30,0.09,3.25,0.75
2014-08-06,0.09,3.25,0.75
2014-08-13,0.09,3.25,0.75
2014-08-20,0.09,3.25,0.75
2014-08-27,0.09,3.25,0.75
2014-09-03,0.08,3.25,0.75
2014-09-10,0.09,3.25,0.75
2014-09-17,0.09,3.25,0.75
2014-09-24,0.09,3.25,0.75
2014-10-01,0.09,3.25,0.75
2014-10-08,0.09,3.25,0.75
2014-10-15,0.09,3.25,0.75
2014-10-22,0.09,3.25,0.75
2014-10-29,0.09,3.25,0.75
2014-11-05,0.08,3.25,0.75
2014-11-12,0.09,3.25,0.75
2014-11-19,0.1,3.25,0.75
2014-11-26,0.1,3.25,0.75
2014-12-03,0.1,3.25,0.75
2014-12-10,0.12,3.25,0.75
2014-12-17,0.12,3.25,0.75
2014-12-24,0.13,3.25,0.75
2014-12-31,0.12,3.25,0.75
2015-01-07,0.11,3.25,0.75
2015-01-14,0.12,3.25,0.75
2015-01-21,0.13,3.25,0.75
2015-01-28,0.12,3.25,0.75
2015-02-04,0.09,3.25,0.75
2015-02-11,0.12,3.25,0.75
2015-02-18,0.12,3.25,0.75
2015-02-25,0.12,3.25,0.75
2015-03-04,0.09,3.25,0.75
2015-03-11,0.12,3.25,0.75
2015-03-18,0.11,3.25,0.75
2015-03-25,0.12,3.25,0.75
2015-04-01,0.11,3.25,0.75
2015-04-08,0.12,3.25,0.75
2015-04-15,0.12,3.25,0.75
2015-04-22,0.13,3.25,0.75
2015-04-29,0.13,3.25,0.75
2015-05-06,0.12,3.25,0.75
2015-05-13,0.13,3.25,0.75
2015-05-20,0.13,3.25,0.75
2015-05-27,0.13,3.25,0.75
2015-06-03,0.1,3.25,0.75
2015-06-10,0.13,3.25,0.75
2015-06-17,0.13,3.25,0.75
2015-06-24,0.13,3.25,0.75
2015-07-01,0.12,3.25,0.75
2015-07-08,0.13,3.25,0.75
2015-07-15,0.13,3.25,0.75
2015-07-22,0.13,3.25,0.75
2015-07-29,0.13,3.25,0.75
2015-08-05,0.11,3.25,0.75
2015-08-12,0.14,3.25,0.75
2015-08-19,0.15,3.25,0.75
2015-08-26,0.15,3.25,0.75
2015-09-02,0.13,3.25,0.75
2015-09-09,0.14,3.25,0.75
2015-09-16,0.14,3.25,0.75
2015-09-23,0.14,3.25,0.75
2015-09-30,0.12,3.25,0.75
2015-10-07,0.13,3.25,0.75
2015-10-14,0.13,3.25,0.75
2015-10-21,0.13,3.25,0.75
2015-10-28,0.12,3.25,0.75
2015-11-04,0.1,3.25,0.75
2015-11-11,0.12,3.25,0.75
2015-11-18,0.12,3.25,0.75
2015-11-25,0.12,3.25,0.75
2015-12-02,0.12,3.25,0.75
2015-12-09,0.13,3.25,0.75
2015-12-16,0.14,3.25,0.75
2015-12-23,0.37,3.5,1
2015-12-30,0.36,3.5,1
2016-01-06,0.27,3.5,1
2016-01-13,0.36,3.5,1
2016-01-20,0.36,3.5,1
2016-01-27,0.38,3.5,1
2016-02-03,0.34,3.5,1
2016-02-10,0.38,3.5,1
2016-02-17,0.38,3.5,1
2016-02-24,0.38,3.5,1
2016-03-02,0.36,3.5,1
2016-03-09,0.36,3.5,1
2016-03-16,0.36,3.5,1
2016-03-23,0.37,3.5,1
2016-03-30,0.37,3.5,1
2016-04-06,0.35,3.5,1
2016-04-13,0.37,3.5,1
2016-04-20,0.37,3.5,1
2016-04-27,0.37,3.5,1
2016-05-04,0.34,3.5,1
2016-05-11,0.37,3.5,1
2016-05-18,0.37,3.5,1
2016-05-25,0.37,3.5,1
2016-06-01,0.36,3.5,1
2016-06-08,0.37,3.5,1
2016-06-15,0.37,3.5,1
2016-06-22,0.38,3.5,1
2016-06-29,0.4,3.5,1
2016-07-06,0.39,3.5,1
2016-07-13,0.4,3.5,1
2016-07-20,0.4,3.5,1
2016-07-27,0.4,3.5,1
2016-08-03,0.36,3.5,1
2016-08-10,0.4,3.5,1
2016-08-17,0.4,3.5,1
2016-08-24,0.4,3.5,1
2016-08-31,0.39,3.5,1
2016-09-07,0.4,3.5,1
2016-09-14,0.4,3.5,1
2016-09-21,0.4,3.5,1
2016-09-28,0.4,3.5,1
2016-10-05,0.35,3.5,1
2016-10-12,0.4,3.5,1
2016-10-19,0.41,3.5,1
2016-10-26,0.41,3.5,1
2016-11-02,0.4,3.5,1
2016-11-09,0.41,3.5,1
2016-11-16,0.41,3.5,1
2016-11-23,0.41,3.5,1
2016-11-30,0.4,3.5,1
2016-12-07,0.41,3.5,1
2016-12-14,0.41,3.5,1
2016-12-21,0.66,3.75,1.25
2016-12-28,0.66,3.75,1.25
2017-01-04,0.6,3.75,1.25
2017-01-11,0.66,3.75,1.25
2017-01-18,0.66,3.75,1.25
2017-01-25,0.66,3.75,1.25
2017-02-01,0.65,3.75,1.25
2017-02-08,0.66,3.75,1.25
2017-02-15,0.66,3.75,1.25
2017-02-22,0.66,3.75,1.25
2017-03-01,0.65,3.75,1.25
2017-03-08,0.66,3.75,1.25
2017-03-15,0.66,3.75,1.25
2017-03-22,0.91,4,1.5
2017-03-29,0.91,4,1.5
2017-04-05,0.87,4,1.5
2017-04-12,0.91,4,1.5
2017-04-19,0.91,4,1.5
2017-04-26,0.91,4,1.5
2017-05-03,0.88,4,1.5
2017-05-10,0.91,4,1.5
2017-05-17,0.91,4,1.5
2017-05-24,0.91,4,1.5
2017-05-31,0.9,4,1.5
2017-06-07,0.91,4,1.5
2017-06-14,0.91,4,1.5
2017-06-21,1.16,4.25,1.75
2017-06-28,1.16,4.25,1.75
2017-07-05,1.12,4.25,1.75
2017-07-12,1.16,4.25,1.75
2017-07-19,1.16,4.25,1.75
2017-07-26,1.16,4.25,1.75
2017-08-02,1.15,4.25,1.75
2017-08-09,1.16,4.25,1.75
2017-08-16,1.16,4.25,1.75
2017-08-23,1.16,4.25,1.75
2017-08-30,1.16,4.25,1.75
2017-09-06,1.15,4.25,1.75
2017-09-13,1.16,4.25,1.75
2017-09-20,1.16,4.25,1.75
2017-09-27,1.16,4.25,1.75
2017-10-04,1.12,4.25,1.75
2017-10-11,1.16,4.25,1.75
2017-10-18,1.16,4.25,1.75
2017-10-25,1.16,4.25,1.75
2017-11-01,1.15,4.25,1.75
