Date,RAV Index,RAG Index,,,Date,RAV Index,RAG Index,,
15/09/2022,1932.921,1834.841,,,15/09/2022,15.715,29.6248,,
14/09/2022,1939.376,1857.225,,,14/09/2022,15.7466,29.9374,,PE
13/09/2022,1936.83,1846.925,,,13/09/2022,15.7267,29.6128,,
12/09/2022,2011.224,1940.482,,,12/09/2022,16.34,31.1129,,
09/09/2022,1992.824,1916.973,,,09/09/2022,16.1905,30.7363,,
08/09/2022,1965.508,1881.495,,,08/09/2022,15.9686,30.1675,,
07/09/2022,1947.647,1870.711,,,07/09/2022,15.8235,29.9945,,
06/09/2022,1913.736,1833.395,,,06/09/2022,15.548,29.3962,,
02/09/2022,1922.831,1841.689,,,02/09/2022,15.622,29.5292,,
01/09/2022,1939.238,1863.147,,,01/09/2022,15.7553,29.8732,,
31/08/2022,1935.552,1864.319,,,31/08/2022,15.7252,29.892,,
30/08/2022,1949.099,1879.651,,,30/08/2022,15.8339,30.1255,,
29/08/2022,1971.709,1900.616,,,29/08/2022,16.0175,30.4675,,
26/08/2022,1981.427,1918.007,,,26/08/2022,16.0931,30.7463,,
25/08/2022,2040.029,1994.045,,,25/08/2022,16.5688,31.9653,,
24/08/2022,2012.8,1963.144,,,24/08/2022,16.3477,31.4697,,
23/08/2022,2003.823,1956.781,,,23/08/2022,16.2781,31.3677,,
22/08/2022,2007.468,1959.988,,,22/08/2022,16.3077,31.4191,,
19/08/2022,2046.911,2007.067,,,19/08/2022,16.628,32.1726,,
18/08/2022,2071.408,2041.498,,,18/08/2022,16.8277,32.7251,,
17/08/2022,2066.383,2036.209,,,17/08/2022,16.7827,32.6404,,
16/08/2022,2085.362,2054.088,,,16/08/2022,16.9433,32.9294,,
15/08/2022,2077.958,2054.254,,,15/08/2022,16.8833,32.9457,,
12/08/2022,2074.508,2042.908,,,12/08/2022,16.8566,32.7618,,
11/08/2022,2043.519,2003.457,,,11/08/2022,16.6051,32.1294,,
10/08/2022,2035.569,2013.652,,,10/08/2022,16.5412,32.2969,,
09/08/2022,1997.25,1960.808,,,09/08/2022,16.2364,31.4492,,
08/08/2022,2001.054,1980.543,,,08/08/2022,16.2671,31.7658,,
05/08/2022,1996.03,1983.963,,,05/08/2022,16.2261,31.8208,,
04/08/2022,1991.73,1988.548,,,04/08/2022,16.1919,31.8945,,
03/08/2022,2001.016,1982.892,,,03/08/2022,16.2676,31.8062,,
02/08/2022,1980.029,1941.655,,,02/08/2022,16.0969,31.1377,,
01/08/2022,1994.97,1948.614,,,01/08/2022,16.2184,31.2494,,
29/07/2022,1999.677,1953.015,,,29/07/2022,16.2327,31.2944,,
28/07/2022,1982.308,1918.433,,,28/07/2022,16.0887,30.7576,,
27/07/2022,1963.625,1889.422,,,27/07/2022,15.9368,30.2925,,
26/07/2022,1930.802,1825.121,,,26/07/2022,15.6704,29.2616,,
25/07/2022,1943.895,1857.009,,,25/07/2022,15.7685,29.7729,,
22/07/2022,1933.79,1861.095,,,22/07/2022,15.6855,29.8111,,
21/07/2022,1947.346,1887.617,,,21/07/2022,15.797,30.2357,,
20/07/2022,1937.455,1862.256,,,20/07/2022,15.7167,29.8387,,
19/07/2022,1929.853,1840.284,,,19/07/2022,15.655,29.492,,
18/07/2022,1879.506,1786.958,,,18/07/2022,15.2467,28.6375,,
15/07/2022,1888.868,1804.054,,,15/07/2022,15.3229,28.9115,,
14/07/2022,1849.267,1772.336,,,14/07/2022,15.0015,28.4032,,
13/07/2022,1868.566,1770.736,,,13/07/2022,15.1581,28.3776,,
12/07/2022,1879.224,1775.438,,,12/07/2022,15.2445,28.4524,,
11/07/2022,1888.647,1797.756,,,11/07/2022,15.3209,28.8101,,
08/07/2022,1904.967,1828.698,,,08/07/2022,15.4531,29.3045,,
07/07/2022,1910.331,1827.852,,,07/07/2022,15.4966,29.2911,,
06/07/2022,1885.39,1792.336,,,06/07/2022,15.2951,28.7199,,
05/07/2022,1887.185,1784.835,,,05/07/2022,15.31,28.6012,,
01/07/2022,1898.787,1762.672,,,01/07/2022,15.4022,28.2904,,
30/06/2022,1874.679,1745.421,,,30/06/2022,15.2217,27.9295,,
29/06/2022,1888.147,1765.942,,,29/06/2022,15.8505,29.1478,,
28/06/2022,1898.571,1764.023,,,28/06/2022,15.9536,29.1148,,
27/06/2022,1923.013,1814.232,,,27/06/2022,16.1594,28.6457,,
24/06/2022,1922.651,1824.436,,,24/06/2022,16.3427,28.5604,,
23/06/2022,1872.334,1760.797,,,23/06/2022,15.9187,27.5683,,
22/06/2022,1864.642,1730.107,,,22/06/2022,15.8532,27.0877,,
21/06/2022,1868.604,1730.359,,,21/06/2022,15.8869,27.112,,
17/06/2022,1827.465,1690.006,,,17/06/2022,15.5373,26.4795,,
16/06/2022,1832.131,1671.208,,,16/06/2022,15.5772,26.1852,,
15/06/2022,1888.453,1741.399,,,15/06/2022,16.0562,27.2848,,
14/06/2022,1873.84,1702.614,,,14/06/2022,15.9322,26.6771,,
13/06/2022,1887.267,1702.307,,,13/06/2022,16.0507,26.6723,,
10/06/2022,1959.668,1782.44,,,10/06/2022,16.6619,27.9345,,
09/06/2022,2005.589,1850.238,,,09/06/2022,17.0625,28.9973,,
08/06/2022,2050.201,1899.869,,,08/06/2022,17.5079,29.7711,,
07/06/2022,2078.162,1916.043,,,07/06/2022,17.7573,30.0233,,
06/06/2022,2055.394,1897.513,,,06/06/2022,17.5627,29.7329,,
03/06/2022,2050.427,1889.851,,,03/06/2022,17.5206,29.6096,,
02/06/2022,2070.058,1933.809,,,02/06/2022,17.6878,30.3029,,
01/06/2022,2045.645,1880.001,,,01/06/2022,17.4892,29.4644,,
31/05/2022,2060.039,1895.136,,,31/05/2022,17.6128,29.7015,,
27/05/2022,2078.051,1906.934,,,27/05/2022,17.7664,29.9084,,
26/05/2022,2040.781,1846.281,,,26/05/2022,17.458,28.9574,,
25/05/2022,2010.765,1798.116,,,25/05/2022,17.2009,28.2019,,
24/05/2022,1994.727,1771.377,,,24/05/2022,17.0603,27.7834,,
23/05/2022,1995.094,1809.499,,,23/05/2022,17.0649,28.3685,,
20/05/2022,1960.659,1779.176,,,20/05/2022,16.7748,27.8975,,
19/05/2022,1956.526,1783.291,,,19/05/2022,16.7401,27.9618,,
18/05/2022,1967.903,1787.374,,,18/05/2022,16.8921,28.0311,,
17/05/2022,2034.596,1877.329,,,17/05/2022,17.495,29.4418,,
16/05/2022,1998.063,1832.392,,,16/05/2022,17.0971,28.7333,,
13/05/2022,1996.668,1853.635,,,13/05/2022,17.0853,29.0742,,
12/05/2022,1962.755,1789.774,,,12/05/2022,16.798,28.0729,,
11/05/2022,1960.125,1789.261,,,11/05/2022,16.776,28.0618,,
10/05/2022,1973.685,1843.852,,,10/05/2022,16.8934,28.921,,
09/05/2022,1979.996,1829.53,,,09/05/2022,16.9434,28.6966,,
06/05/2022,2037.044,1908.611,,,06/05/2022,17.4273,29.9429,,
05/05/2022,2044.704,1932.327,,,05/05/2022,17.4975,30.314,,
04/05/2022,2098.166,2031.268,,,04/05/2022,17.9487,31.7998,,
03/05/2022,2044.144,1967.894,,,03/05/2022,17.5196,30.8076,,
02/05/2022,2025.87,1967.479,,,02/05/2022,17.3629,30.8042,,
29/04/2022,2025.443,1941.85,,,29/04/2022,17.3452,30.6251,,
28/04/2022,2086.604,2027.219,,,28/04/2022,17.8669,31.9798,,
27/04/2022,2054.2,1962.878,,,27/04/2022,17.5798,30.9656,,
26/04/2022,2054.018,1957.531,,,26/04/2022,17.5781,30.8766,,
25/04/2022,2097.123,2033.772,,,25/04/2022,17.9503,32.079,,
22/04/2022,2096.198,2008.449,,,22/04/2022,17.9426,31.6808,,
21/04/2022,2152.29,2067.537,,,21/04/2022,18.4214,32.6156,,
20/04/2022,2181.465,2109.068,,,20/04/2022,18.671,33.2702,,
19/04/2022,2165.798,2128.603,,,19/04/2022,18.5368,33.5789,,
18/04/2022,2137.458,2083.473,,,18/04/2022,18.254,32.8672,,
14/04/2022,2140.182,2087.792,,,14/04/2022,18.2765,32.9245,,
13/04/2022,2151.362,2128.583,,,13/04/2022,18.166,33.4795,,
12/04/2022,2133.938,2092.302,,,12/04/2022,17.9848,32.966,,
11/04/2022,2139.588,2099.209,,,11/04/2022,18.0324,33.0751,,
08/04/2022,2159.107,2145.553,,,08/04/2022,18.4483,33.8059,,
07/04/2022,2149.347,2169.394,,,07/04/2022,18.3652,34.1852,,
06/04/2022,2141.978,2163.017,,,06/04/2022,18.3039,34.0846,,
05/04/2022,2141.051,2210.928,,,05/04/2022,18.2956,34.841,,
04/04/2022,2159.217,2256.073,,,04/04/2022,18.4525,35.552,,
01/04/2022,2162.94,2217.985,,,01/04/2022,18.5498,34.9747,,
31/03/2022,2152.113,2209.799,,,31/03/2022,18.4616,34.8691,,
30/03/2022,2184.38,2245.01,,,30/03/2022,19.2678,36.4439,,
29/03/2022,2193.064,2272.126,,,29/03/2022,19.3414,36.8665,,
28/03/2022,2171.041,2230.262,,,28/03/2022,19.1472,36.1847,,
25/03/2022,2172.406,2198.863,,,25/03/2022,19.1714,35.8947,,
24/03/2022,2151.994,2201.943,,,24/03/2022,18.9907,35.9418,,
23/03/2022,2131.38,2162.873,,,23/03/2022,18.8097,35.3062,,
22/03/2022,2155.877,2194.286,,,22/03/2022,19.0262,35.8156,,
21/03/2022,2142.613,2156.612,,,21/03/2022,18.9083,35.1953,,
18/03/2022,2140.184,2166.162,,,18/03/2022,18.6982,34.5651,,
17/03/2022,2131.63,2122.097,,,17/03/2022,18.6169,33.8634,,
16/03/2022,2106.51,2091.184,,,16/03/2022,18.3974,33.3701,,
15/03/2022,2073.215,2024.13,,,15/03/2022,18.1139,32.3009,,
14/03/2022,2048.518,1965.766,,,14/03/2022,17.8928,31.3699,,
11/03/2022,2052.485,2000.088,,,11/03/2022,17.9284,31.9152,,
10/03/2022,2069.458,2040.389,,,10/03/2022,18.0854,32.491,,
09/03/2022,2070.987,2056.436,,,09/03/2022,18.0991,32.7487,,
08/03/2022,2036.155,1984.072,,,08/03/2022,17.7938,31.5951,,
07/03/2022,2050.598,1992.143,,,07/03/2022,17.9255,31.7235,,
04/03/2022,2097.587,2072.62,,,04/03/2022,18.3285,32.9979,,
03/03/2022,2106.515,2105.025,,,03/03/2022,18.4088,33.5276,,
02/03/2022,2107.154,2135.931,,,02/03/2022,18.4371,34.0298,,
01/03/2022,2063.97,2100.066,,,01/03/2022,18.0595,33.4591,,
28/02/2022,2098.21,2132.281,,,28/02/2022,18.3622,34.0038,,
25/02/2022,2108.119,2127.428,,,25/02/2022,18.4685,33.9572,,
24/02/2022,2049.92,2091.953,,,24/02/2022,17.9577,33.3912,,
23/02/2022,2045.908,2025.232,,,23/02/2022,17.9222,32.3307,,
22/02/2022,2072.766,2076.964,,,22/02/2022,18.1593,33.1575,,
18/02/2022,2090.333,2104.16,,,18/02/2022,18.3083,33.594,,
17/02/2022,2100.379,2127.7,,,17/02/2022,18.398,33.9696,,
16/02/2022,2133.663,2190.991,,,16/02/2022,18.6896,34.9804,,
15/02/2022,2129.663,2193.502,,,15/02/2022,18.6538,35.0202,,
14/02/2022,2104.823,2143.842,,,14/02/2022,18.4371,34.2251,,
11/02/2022,2121.934,2143.944,,,11/02/2022,18.5903,34.2549,,
10/02/2022,2142.302,2204.325,,,10/02/2022,18.7682,35.2129,,
09/02/2022,2172.313,2251.971,,,09/02/2022,19.0407,35.9706,,
08/02/2022,2148.448,2207.021,,,08/02/2022,18.8326,35.2527,,
07/02/2022,2132.719,2182.562,,,07/02/2022,18.6932,34.8617,,
04/02/2022,2130.313,2196.727,,,04/02/2022,18.7039,35.1015,,
03/02/2022,2129.875,2169.703,,,03/02/2022,18.703,34.7388,,
02/02/2022,2154.462,2253.105,,,02/02/2022,18.9168,36.0751,,
01/02/2022,2139.394,2239.995,,,01/02/2022,18.7777,35.8647,,
31/01/2022,2123.037,2222.783,,,31/01/2022,18.6319,35.5869,,
28/01/2022,2097.92,2156.399,,,28/01/2022,18.41,34.8018,,
27/01/2022,2068.441,2084.527,,,27/01/2022,18.1398,33.6581,,
26/01/2022,2077.976,2104.798,,,26/01/2022,18.2152,33.9923,,
25/01/2022,2091.44,2104.164,,,25/01/2022,18.351,33.982,,
24/01/2022,2100.58,2152.349,,,24/01/2022,18.4296,34.7616,,
21/01/2022,2095.465,2135.221,,,21/01/2022,18.3675,34.4841,,
20/01/2022,2124.483,2189.97,,,20/01/2022,18.621,35.6083,,
19/01/2022,2146.299,2219.201,,,19/01/2022,18.8098,36.0619,,
18/01/2022,2166.246,2243.923,,,18/01/2022,18.8582,36.2312,,
14/01/2022,2200.172,2298.47,,,14/01/2022,19.155,37.1144,,
13/01/2022,2202.98,2293.556,,,13/01/2022,19.1801,36.9711,,
12/01/2022,2211.306,2351.139,,,12/01/2022,19.2522,37.8995,,
11/01/2022,2210.276,2345.441,,,11/01/2022,19.2433,37.807,,
10/01/2022,2192.707,2318.306,,,10/01/2022,19.0907,37.3671,,
07/01/2022,2196.872,2320.741,,,07/01/2022,19.2296,37.3975,,
06/01/2022,2192.798,2347.375,,,06/01/2022,19.1951,37.8264,,
05/01/2022,2187.306,2353.119,,,05/01/2022,19.1464,37.9182,,
04/01/2022,2209.37,2432.329,,,04/01/2022,19.3266,39.1953,,
03/01/2022,2191.074,2458.167,,,03/01/2022,19.174,39.6122,,
31/12/2021,2181.555,2439.841,,,31/12/2021,19.113,39.4722,,
30/12/2021,2181.788,2452.501,,,30/12/2021,21.7622,42.8135,,
29/12/2021,2183.965,2460.217,,,29/12/2021,21.7834,42.9231,,
28/12/2021,2179.22,2459.131,,,28/12/2021,21.7277,42.9243,,
27/12/2021,2176.19,2471.107,,,27/12/2021,21.639,43.0895,,
23/12/2021,2153.082,2435.558,,,23/12/2021,21.4666,43.1916,,
22/12/2021,2141.75,2417.301,,,22/12/2021,21.3355,42.8664,,
21/12/2021,2127.505,2387.68,,,21/12/2021,21.2358,42.3411,,
20/12/2021,2094.374,2332.336,,,20/12/2021,20.9008,41.3614,,
17/12/2021,2118.648,2362.783,,,17/12/2021,20.7556,41.0462,,
16/12/2021,2143.333,2369.714,,,16/12/2021,20.9997,41.1696,,
15/12/2021,2135.816,2424.417,,,15/12/2021,20.8663,42.1156,,
14/12/2021,2115.739,2372.077,,,14/12/2021,20.667,41.2117,,
13/12/2021,2121.358,2402.451,,,13/12/2021,20.7099,41.7211,,
10/12/2021,2133.182,2434.044,,,10/12/2021,20.811,42.2553,,
09/12/2021,2123.07,2411.422,,,09/12/2021,20.7144,41.8602,,
08/12/2021,2133.507,2444.839,,,08/12/2021,20.8375,42.4408,,
07/12/2021,2130.731,2427.925,,,07/12/2021,20.813,42.1478,,
06/12/2021,2104.573,2358.308,,,06/12/2021,20.5579,40.939,,
03/12/2021,2074.717,2334.374,,,03/12/2021,20.2632,40.4688,,
02/12/2021,2081.437,2375.489,,,02/12/2021,20.3233,41.1135,,
01/12/2021,2037.576,2349.131,,,01/12/2021,19.9089,40.6784,,
30/11/2021,2058.573,2392.983,,,30/11/2021,20.1134,41.4261,,
29/11/2021,2109.688,2431.741,,,29/11/2021,20.656,42.1396,,
26/11/2021,2101.593,2389.928,,,26/11/2021,20.5779,41.4194,,
24/11/2021,2152.276,2445.357,,,24/11/2021,21.0391,42.3815,,
23/11/2021,2153.296,2431.222,,,23/11/2021,21.0478,42.1403,,
22/11/2021,2140.206,2442.14,,,22/11/2021,20.9171,42.3595,,
19/11/2021,2130.874,2473.253,,,19/11/2021,20.8299,42.9069,,
18/11/2021,2149.656,2466.768,,,18/11/2021,21.0191,42.7932,,
17/11/2021,2158.819,2449.614,,,17/11/2021,21.1078,42.4945,,
16/11/2021,2170.574,2456.551,,,16/11/2021,21.22,42.6127,,
15/11/2021,2174.429,2433.966,,,15/11/2021,21.3288,42.2189,,
12/11/2021,2172.932,2437.385,,,12/11/2021,21.293,42.2756,,
11/11/2021,2167.643,2410.281,,,11/11/2021,21.2401,41.8039,,
10/11/2021,2166.063,2405.526,,,10/11/2021,21.2197,41.7392,,
09/11/2021,2174.646,2442.487,,,09/11/2021,21.313,42.3855,,
08/11/2021,2177.982,2454.202,,,08/11/2021,21.345,42.6008,,
05/11/2021,2173.806,2451.659,,,05/11/2021,21.3704,42.5634,,
04/11/2021,2160.895,2446.738,,,04/11/2021,21.2394,42.4691,,
03/11/2021,2170.862,2421.998,,,03/11/2021,21.3404,42.0385,,
02/11/2021,2157.908,2401.295,,,02/11/2021,21.2093,41.7194,,
01/11/2021,2152.533,2393.596,,,01/11/2021,21.1438,41.5862,,
29/10/2021,2137.801,2388.314,,,29/10/2021,21.0038,41.8264,,
28/10/2021,2141.143,2377.128,,,28/10/2021,21.054,41.6834,,
27/10/2021,2120.729,2348.911,,,27/10/2021,20.8544,41.1888,,
26/10/2021,2151.26,2351.644,,,26/10/2021,21.1543,41.2347,,
25/10/2021,2152.088,2348.654,,,25/10/2021,21.1623,41.1826,,
22/10/2021,2148.047,2330.192,,,22/10/2021,21.1233,40.8584,,
21/10/2021,2143.235,2341.521,,,21/10/2021,21.0759,41.0578,,
20/10/2021,2146.079,2322.963,,,20/10/2021,21.1036,40.7322,,
19/10/2021,2125.923,2325.934,,,19/10/2021,20.903,40.785,,
18/10/2021,2110.919,2310.42,,,18/10/2021,20.7549,40.5106,,
15/10/2021,2116.107,2289.659,,,15/10/2021,20.8043,40.1465,,
14/10/2021,2104.638,2274.293,,,14/10/2021,20.6918,39.8827,,
13/10/2021,2072.094,2235.039,,,13/10/2021,20.3713,39.1943,,
12/10/2021,2070.046,2219.327,,,12/10/2021,20.3516,38.9191,,
11/10/2021,2072.71,2219.263,,,11/10/2021,20.3809,38.9273,,
08/10/2021,2088.602,2232.506,,,08/10/2021,20.5379,39.1837,,
07/10/2021,2089.971,2243.098,,,07/10/2021,20.5474,39.3576,,
06/10/2021,2072.958,2219.579,,,06/10/2021,20.3801,38.9453,,
05/10/2021,2069.834,2207.135,,,05/10/2021,20.3492,38.7233,,
04/10/2021,2055.454,2179.365,,,04/10/2021,20.2171,38.1866,,
01/10/2021,2065.035,2227.494,,,01/10/2021,20.4963,39.0944,,
30/09/2021,2038.656,2203.976,,,30/09/2021,20.2698,38.7152,,
29/09/2021,2068.997,2220.456,,,29/09/2021,23.2103,42.2724,,
28/09/2021,2063.145,2223.193,,,28/09/2021,23.17,42.3251,,
27/09/2021,2090.03,2288.208,,,27/09/2021,23.4702,43.5706,,
24/09/2021,2080.021,2305.525,,,24/09/2021,23.4268,44.7229,,
23/09/2021,2078.31,2305.131,,,23/09/2021,23.4139,44.6903,,
22/09/2021,2048.964,2281.018,,,22/09/2021,23.0809,44.2605,,
21/09/2021,2028.031,2259.043,,,21/09/2021,22.8469,43.7986,,
20/09/2021,2034.376,2253.458,,,20/09/2021,22.9185,43.6901,,
17/09/2021,2066.568,2298.435,,,17/09/2021,22.454,42.8422,,
16/09/2021,2077.186,2321.852,,,16/09/2021,22.5224,43.2811,,
15/09/2021,2084.373,2318.003,,,15/09/2021,22.5776,43.2091,,
14/09/2021,2064.827,2300.264,,,14/09/2021,22.395,42.8706,,
13/09/2021,2086.19,2306.939,,,13/09/2021,22.6324,42.9953,,
10/09/2021,2073.714,2309.87,,,10/09/2021,22.3392,43.0514,,
09/09/2021,2089.651,2328.764,,,09/09/2021,22.4983,43.3923,,
08/09/2021,2098.522,2336.953,,,08/09/2021,22.5937,43.5436,,
07/09/2021,2100.985,2345.72,,,07/09/2021,22.6195,43.7062,,
03/09/2021,2118.465,2347.156,,,03/09/2021,22.8009,43.7417,,
02/09/2021,2126.617,2340.936,,,02/09/2021,22.8912,43.6549,,
01/09/2021,2113.459,2338.895,,,01/09/2021,22.7819,43.6357,,
31/08/2021,2113.457,2333.311,,,31/08/2021,22.7811,43.5317,,
30/08/2021,2114.278,2339.247,,,30/08/2021,22.8132,43.7311,,
27/08/2021,2120.955,2317.512,,,27/08/2021,22.9053,43.4239,,
26/08/2021,2100.066,2291.824,,,26/08/2021,22.6769,42.9415,,
25/08/2021,2114.279,2305.23,,,25/08/2021,22.8098,43.1479,,
24/08/2021,2106.252,2301.378,,,24/08/2021,22.723,43.0799,,
23/08/2021,2098.684,2294.564,,,23/08/2021,22.6419,42.9536,,
20/08/2021,2085.322,2265.552,,,20/08/2021,22.4964,42.4108,,
19/08/2021,2071.286,2240.525,,,19/08/2021,22.3456,41.9049,,
18/08/2021,2079.129,2235.121,,,18/08/2021,22.4384,41.8371,,
17/08/2021,2102.35,2256.416,,,17/08/2021,22.6875,42.2315,,
16/08/2021,2113.776,2278.226,,,16/08/2021,22.8112,42.6402,,
13/08/2021,2113.857,2275.39,,,13/08/2021,22.7861,42.5756,,
12/08/2021,2115.396,2271.744,,,12/08/2021,22.8035,42.4921,,
11/08/2021,2114.652,2260.974,,,11/08/2021,22.7952,42.2811,,
10/08/2021,2101.151,2264.539,,,10/08/2021,22.6513,42.3439,,
09/08/2021,2088.823,2274.875,,,09/08/2021,22.4984,42.5355,,
06/08/2021,2093.127,2274.716,,,06/08/2021,22.5607,42.5325,,
05/08/2021,2079.484,2283.84,,,05/08/2021,22.4146,42.7019,,
04/08/2021,2065.785,2266.446,,,04/08/2021,22.2672,42.3773,,
03/08/2021,2086.909,2265.851,,,03/08/2021,22.4962,42.3601,,
02/08/2021,2070.261,2251.299,,,02/08/2021,22.2651,42.0926,,
30/07/2021,2075.338,2253.551,,,30/07/2021,22.4418,42.7903,,
29/07/2021,2083.654,2270.113,,,29/07/2021,22.5625,43.1345,,
28/07/2021,2069.864,2265.816,,,28/07/2021,22.4626,43.0513,,
27/07/2021,2069.396,2258.204,,,27/07/2021,22.4573,42.9036,,
26/07/2021,2070.332,2281.614,,,26/07/2021,22.4673,43.3525,,
23/07/2021,2062.733,2280.909,,,23/07/2021,22.3675,43.3129,,
22/07/2021,2051.01,2250.628,,,22/07/2021,22.2393,42.7395,,
21/07/2021,2060.565,2238.508,,,21/07/2021,22.3434,42.5091,,
20/07/2021,2039.93,2219.943,,,20/07/2021,22.0964,42.2063,,
19/07/2021,2004.027,2183.592,,,19/07/2021,21.704,41.5099,,
16/07/2021,2043.329,2207.504,,,16/07/2021,22.1437,41.9645,,
15/07/2021,2060.188,2222.318,,,15/07/2021,22.3327,42.246,,
14/07/2021,2061.324,2235.894,,,14/07/2021,22.3451,42.504,,
13/07/2021,2066.456,2237.124,,,13/07/2021,22.401,42.5281,,
12/07/2021,2084.319,2243.543,,,12/07/2021,22.6076,42.6196,,
09/07/2021,2077.042,2239.607,,,09/07/2021,22.5221,42.5471,,
08/07/2021,2044.245,2219.208,,,08/07/2021,22.1635,42.1598,,
07/07/2021,2066.013,2235.112,,,07/07/2021,22.3994,42.4625,,
06/07/2021,2063.636,2230.966,,,06/07/2021,22.3736,42.3951,,
02/07/2021,2084.201,2221.137,,,02/07/2021,22.9216,42.4178,,
01/07/2021,2081.629,2199.506,,,01/07/2021,22.9774,42.1226,,
30/06/2021,2067.858,2192.535,,,30/06/2021,22.8253,42.0022,,
29/06/2021,2061.166,2197.223,,,29/06/2021,27.5535,47.267,,
28/06/2021,2068.061,2191.01,,,28/06/2021,27.6518,47.1588,,
25/06/2021,2079.27,2173.13,,,25/06/2021,26.7133,46.3382,,
24/06/2021,2067.04,2170.417,,,24/06/2021,26.523,46.295,,
23/06/2021,2052.198,2157.589,,,23/06/2021,26.3508,46.0171,,
22/06/2021,2055.375,2156.649,,,22/06/2021,26.3802,45.9972,,
21/06/2021,2052.615,2136.66,,,21/06/2021,26.3575,45.5734,,
18/06/2021,2013.205,2117.43,,,18/06/2021,25.8034,45.164,,
17/06/2021,2051.622,2133.226,,,17/06/2021,26.299,45.5042,,
16/06/2021,2079.113,2108.564,,,16/06/2021,26.65,44.9781,,
15/06/2021,2092.226,2116.083,,,15/06/2021,26.8276,45.1324,,
14/06/2021,2090.529,2129.448,,,14/06/2021,26.8118,45.4212,,
11/06/2021,2102.1,2112.353,,,11/06/2021,26.9656,45.0942,,
10/06/2021,2095.647,2105.674,,,10/06/2021,26.8374,44.6955,,
09/06/2021,2098.876,2084.499,,,09/06/2021,26.8797,44.2467,,
08/06/2021,2108.718,2085.077,,,08/06/2021,27.0106,44.2589,,
07/06/2021,2106.611,2081.024,,,07/06/2021,26.9839,44.1769,,
04/06/2021,2110.935,2072.18,,,04/06/2021,27.0276,43.9859,,
03/06/2021,2103.179,2044.2,,,03/06/2021,26.9267,43.3915,,
02/06/2021,2105.674,2061.43,,,02/06/2021,26.9335,43.618,,
01/06/2021,2104.235,2058.344,,,01/06/2021,26.9137,43.55,,
28/05/2021,2094.205,2066.489,,,28/05/2021,26.9663,44.041,,
27/05/2021,2094.395,2063.048,,,27/05/2021,26.9713,43.9679,,
26/05/2021,2080.533,2068.769,,,26/05/2021,26.7937,44.0898,,
25/05/2021,2071.652,2062.096,,,25/05/2021,26.8349,43.9476,,
24/05/2021,2084.624,2060.116,,,24/05/2021,27.1656,43.9032,,
21/05/2021,2073.058,2032.315,,,21/05/2021,27.0023,43.3108,,
20/05/2021,2065.948,2041.597,,,20/05/2021,26.8088,43.5084,,
19/05/2021,2054.952,2008.346,,,19/05/2021,26.6659,42.7996,,
18/05/2021,2067.936,2008.997,,,18/05/2021,26.8348,42.8135,,
17/05/2021,2087.849,2020.561,,,17/05/2021,27.0934,43.06,,
14/05/2021,2088.776,2030.151,,,14/05/2021,27.2361,43.2425,,
13/05/2021,2061.105,1991.141,,,13/05/2021,26.8489,42.3802,,
12/05/2021,2031.634,1973.783,,,12/05/2021,26.4582,42.0116,,
11/05/2021,2073.996,2025.91,,,11/05/2021,27.0019,43.1116,,
10/05/2021,2099.482,2030.878,,,10/05/2021,27.3055,43.1639,,
07/05/2021,2105.84,2075.378,,,07/05/2021,27.4134,44.1613,,
06/05/2021,2088.126,2059.034,,,06/05/2021,27.0853,43.8203,,
05/05/2021,2071.775,2050.676,,,05/05/2021,26.8714,43.6433,,
04/05/2021,2064.995,2059.167,,,04/05/2021,26.7839,43.8187,,
03/05/2021,2064.827,2092.499,,,03/05/2021,26.8093,44.528,,
30/04/2021,2049.247,2099.281,,,30/04/2021,27.2248,45.2923,,
29/04/2021,2066.584,2114.619,,,29/04/2021,27.1712,45.9154,,
28/04/2021,2050.372,2111.152,,,28/04/2021,26.9043,45.8434,,
27/04/2021,2047.927,2117.612,,,27/04/2021,26.9739,46.2529,,
26/04/2021,2043.445,2122.99,,,26/04/2021,26.911,46.3704,,
23/04/2021,2041.472,2111.008,,,23/04/2021,26.9021,46.1114,,
22/04/2021,2020.723,2083.241,,,22/04/2021,26.6118,45.5055,,
21/04/2021,2035.8,2100.809,,,21/04/2021,26.813,45.8991,,
20/04/2021,2011.557,2082.068,,,20/04/2021,26.4937,45.4932,,
19/04/2021,2031.97,2095.294,,,19/04/2021,26.7518,45.7822,,
16/04/2021,2040.416,2113.562,,,16/04/2021,26.8703,46.1809,,
15/04/2021,2030.155,2111.258,,,15/04/2021,26.914,46.1312,,
14/04/2021,2018.978,2077.423,,,14/04/2021,26.8087,45.3919,,
13/04/2021,2011.695,2098.407,,,13/04/2021,26.7118,45.8505,,
12/04/2021,2017.633,2077.036,,,12/04/2021,26.81,45.3863,,
09/04/2021,2016.661,2078.239,,,09/04/2021,26.7965,45.4128,,
08/04/2021,2006.685,2060.943,,,08/04/2021,26.666,45.0352,,
07/04/2021,2006.862,2039.242,,,07/04/2021,26.6684,44.561,,
06/04/2021,2011.497,2036.665,,,06/04/2021,26.7304,44.5236,,
05/04/2021,2011.431,2037.102,,,05/04/2021,26.7306,44.5327,,
01/04/2021,1994.56,2003.666,,,01/04/2021,26.8357,43.9996,,
31/03/2021,1975.437,1972.211,,,31/03/2021,26.5737,43.3112,,
30/03/2021,1983.262,1944.641,,,30/03/2021,32.0879,46.1132,,
29/03/2021,1978.248,1953.002,,,29/03/2021,32.0062,46.3171,,
26/03/2021,1989.513,1958.696,,,26/03/2021,32.1708,49.0537,,
25/03/2021,1956.259,1927.83,,,25/03/2021,31.6278,48.2999,,
24/03/2021,1931.378,1927.159,,,24/03/2021,31.2172,48.2834,,
23/03/2021,1933.548,1956.862,,,23/03/2021,31.2527,49.0269,,
22/03/2021,1964.513,1967.775,,,22/03/2021,31.6546,49.2994,,
19/03/2021,1968.431,1941.816,,,19/03/2021,30.5978,44.6126,,
18/03/2021,1974.018,1932.952,,,18/03/2021,30.702,43.6409,,
17/03/2021,1990.987,1984.724,,,17/03/2021,30.9682,44.6652,,
16/03/2021,1980.775,1982.443,,,16/03/2021,31.0115,44.7605,,
15/03/2021,1997.256,1980.296,,,15/03/2021,31.2697,44.7207,,
12/03/2021,1987.95,1961.504,,,12/03/2021,30.6496,44.2961,,
11/03/2021,1971.497,1972.88,,,11/03/2021,30.4794,44.5813,,
10/03/2021,1963.636,1930.158,,,10/03/2021,30.3902,43.611,,
09/03/2021,1937.67,1930.566,,,09/03/2021,29.9854,43.6228,,
08/03/2021,1938.29,1869.396,,,08/03/2021,29.9882,42.2419,,
05/03/2021,1919.68,1908.947,,,05/03/2021,29.7333,43.1345,,
04/03/2021,1877.239,1880.402,,,04/03/2021,29.0861,42.5276,,
03/03/2021,1900.952,1917.604,,,03/03/2021,29.4601,43.3695,,
02/03/2021,1904.185,1970.608,,,02/03/2021,29.5118,44.5666,,
01/03/2021,1913.281,1999.278,,,01/03/2021,29.6396,45.2194,,
26/02/2021,1870.01,1946.854,,,26/02/2021,29.0248,44.1027,,
25/02/2021,1890.302,1939.414,,,25/02/2021,29.327,43.9342,,
24/02/2021,1930.348,2003.45,,,24/02/2021,29.9535,45.3809,,
23/02/2021,1901.77,1987.471,,,23/02/2021,29.5217,45.0189,,
22/02/2021,1895.522,1994.237,,,22/02/2021,29.4303,45.1693,,
19/02/2021,1888.251,2038.732,,,19/02/2021,29.3145,46.1807,,
18/02/2021,1875.635,2046.54,,,18/02/2021,29.1179,46.3588,,
17/02/2021,1888.254,2056.209,,,17/02/2021,29.3033,46.5789,,
16/02/2021,1887.49,2063.97,,,16/02/2021,29.2918,46.7516,,
12/02/2021,1883.215,2074.477,,,12/02/2021,29.1897,47.0024,,
11/02/2021,1873.757,2065.008,,,11/02/2021,28.9604,46.7851,,
10/02/2021,1872.782,2057.155,,,10/02/2021,28.9399,46.5979,,
09/02/2021,1870.268,2061.45,,,09/02/2021,28.9037,46.6983,,
08/02/2021,1870.763,2061.181,,,08/02/2021,28.9004,46.6922,,
05/02/2021,1848.447,2047.705,,,05/02/2021,28.7558,47.5715,,
04/02/2021,1837.615,2037.544,,,04/02/2021,28.5654,47.3367,,
03/02/2021,1814.77,2014.733,,,03/02/2021,28.1261,45.6428,,
02/02/2021,1807.331,2018.394,,,02/02/2021,28.0273,45.7654,,
01/02/2021,1783.579,1987.319,,,01/02/2021,27.8948,45.0618,,
29/01/2021,1762.929,1944.464,,,29/01/2021,27.7651,44.2974,,
28/01/2021,1793.21,1984.412,,,28/01/2021,28.2384,45.2503,,
27/01/2021,1769.351,1971.026,,,27/01/2021,27.801,44.9462,,
26/01/2021,1815.789,2023.371,,,26/01/2021,28.5307,46.1401,,
25/01/2021,1824.367,2027.16,,,25/01/2021,28.4386,46.2215,,
22/01/2021,1826.957,2014.526,,,22/01/2021,28.4401,45.9311,,
21/01/2021,1834.04,2013.167,,,21/01/2021,28.4875,45.8974,,
20/01/2021,1846.427,2003.993,,,20/01/2021,28.7354,45.6895,,
19/01/2021,1837.587,1963.364,,,19/01/2021,28.6035,44.7634,,
15/01/2021,1828.485,1940.216,,,15/01/2021,28.4204,44.2338,,
14/01/2021,1846.902,1951.769,,,14/01/2021,28.6953,44.5266,,
13/01/2021,1837.927,1966.208,,,13/01/2021,28.5588,44.8515,,
12/01/2021,1841.836,1958.618,,,12/01/2021,28.6045,44.6778,,
11/01/2021,1830.163,1959.693,,,11/01/2021,28.4279,44.7093,,
08/01/2021,1829.039,1982.277,,,08/01/2021,28.4249,45.2232,,
07/01/2021,1829.2,1963.9,,,07/01/2021,28.4226,44.7997,,
06/01/2021,1813.833,1919.117,,,06/01/2021,28.3329,43.7745,,
05/01/2021,1767.337,1935.497,,,05/01/2021,27.596,44.1439,,
04/01/2021,1749.917,1922.697,,,04/01/2021,27.3245,43.8493,,
31/12/2020,1774.761,1952.614,,,31/12/2020,27.6781,44.5712,,
30/12/2020,1761.409,1948.389,,,30/12/2020,25.9178,45.7534,,
29/12/2020,1752.34,1948.038,,,29/12/2020,25.7831,45.7439,,
28/12/2020,1759.739,1955.283,,,28/12/2020,25.8894,45.9033,,
24/12/2020,1754.277,1940.382,,,24/12/2020,25.7426,46.5498,,
23/12/2020,1751.073,1933.634,,,23/12/2020,25.6909,46.387,,
22/12/2020,1737.082,1944.159,,,22/12/2020,25.4827,46.637,,
21/12/2020,1746.463,1934.077,,,21/12/2020,25.5963,46.3958,,
18/12/2020,1754.93,1936.982,,,18/12/2020,25.5959,45.8192,,
17/12/2020,1763.847,1936.497,,,17/12/2020,25.724,45.8151,,
16/12/2020,1754.414,1917.643,,,16/12/2020,25.6105,45.3698,,
15/12/2020,1759.82,1907.566,,,15/12/2020,25.6902,45.1331,,
14/12/2020,1732.91,1885.415,,,14/12/2020,25.3043,44.6092,,
11/12/2020,1750.084,1878.969,,,11/12/2020,25.5731,44.4571,,
10/12/2020,1753.932,1881.742,,,10/12/2020,25.623,44.5225,,
09/12/2020,1755.817,1874.778,,,09/12/2020,25.65,44.357,,
08/12/2020,1758.374,1906.456,,,08/12/2020,25.6862,45.0927,,
07/12/2020,1752.199,1898.03,,,07/12/2020,25.581,44.8944,,
04/12/2020,1762.084,1891.124,,,04/12/2020,25.7265,44.6977,,
03/12/2020,1738.173,1877.889,,,03/12/2020,25.3734,44.386,,
02/12/2020,1734.248,1877.815,,,02/12/2020,25.338,44.3834,,
01/12/2020,1725.239,1882.957,,,01/12/2020,25.2074,44.4651,,
30/11/2020,1708.262,1862.805,,,30/11/2020,24.957,43.9921,,
27/11/2020,1729.659,1861.492,,,27/11/2020,25.2531,44.0317,,
25/11/2020,1731.252,1847.045,,,25/11/2020,25.2822,43.8366,,
24/11/2020,1742.643,1838.039,,,24/11/2020,25.4442,43.6205,,
23/11/2020,1705.492,1820.142,,,23/11/2020,24.8962,43.1972,,
20/11/2020,1681.443,1817.494,,,20/11/2020,24.5714,43.1667,,
19/11/2020,1689.729,1828.23,,,19/11/2020,24.6195,43.3833,,
18/11/2020,1683.739,1815.388,,,18/11/2020,24.5278,43.0786,,
17/11/2020,1703.177,1832.443,,,17/11/2020,24.9528,43.5307,,
16/11/2020,1710.216,1834.298,,,16/11/2020,25.2103,43.5749,,
13/11/2020,1677.911,1823.601,,,13/11/2020,24.7134,43.3244,,
12/11/2020,1644.648,1810.139,,,12/11/2020,24.2278,43.0053,,
11/11/2020,1667.573,1822.087,,,11/11/2020,24.5248,43.3077,,
10/11/2020,1673.448,1788.718,,,10/11/2020,24.5887,42.531,,
09/11/2020,1653.711,1811.481,,,09/11/2020,24.2981,43.072,,
06/11/2020,1585.87,1842.407,,,06/11/2020,23.2284,43.7953,,
05/11/2020,1589.703,1840.456,,,05/11/2020,23.2831,43.7418,,
04/11/2020,1561.685,1798.858,,,04/11/2020,22.8718,42.7535,,
03/11/2020,1563.567,1726.789,,,03/11/2020,22.9022,41.0389,,
02/11/2020,1534.039,1694.739,,,02/11/2020,22.4658,40.2672,,
30/10/2020,1504.607,1684.783,,,30/10/2020,22.1506,40.2579,,
29/10/2020,1507.43,1726.269,,,29/10/2020,22.1685,41.3036,,
28/10/2020,1493.936,1702.988,,,28/10/2020,21.9684,40.7532,,
27/10/2020,1540.157,1769.595,,,27/10/2020,22.6484,42.3478,,
26/10/2020,1560.223,1760.38,,,26/10/2020,22.9433,42.1254,,
23/10/2020,1593.502,1790.253,,,23/10/2020,23.4181,43.0246,,
22/10/2020,1590.204,1780.528,,,22/10/2020,23.3734,42.8001,,
21/10/2020,1568.805,1781.149,,,21/10/2020,23.0582,42.8159,,
20/10/2020,1574.743,1786.639,,,20/10/2020,23.1399,42.9283,,
19/10/2020,1567.118,1781.455,,,19/10/2020,23.0161,42.804,,
16/10/2020,1588.879,1812.069,,,16/10/2020,23.3458,43.5654,,
15/10/2020,1586.143,1816.442,,,15/10/2020,23.3058,43.671,,
14/10/2020,1579.805,1825.053,,,14/10/2020,23.2131,43.8792,,
13/10/2020,1586.905,1840.083,,,13/10/2020,23.3095,44.2427,,
12/10/2020,1603.538,1841.712,,,12/10/2020,23.5544,44.2816,,
09/10/2020,1591.473,1803.194,,,09/10/2020,23.396,43.3518,,
08/10/2020,1588.577,1776.858,,,08/10/2020,23.3591,42.7189,,
07/10/2020,1568.851,1769.476,,,07/10/2020,23.0685,42.5444,,
06/10/2020,1543.524,1736.489,,,06/10/2020,22.6962,41.751,,
05/10/2020,1557.671,1763.975,,,05/10/2020,22.8958,42.4139,,
02/10/2020,1532.605,1727.676,,,02/10/2020,22.4554,41.5366,,
01/10/2020,1526.793,1761.279,,,01/10/2020,22.398,42.4026,,
30/09/2020,1522.86,1740.568,,,30/09/2020,22.3325,41.9066,,
29/09/2020,1511.745,1726.718,,,29/09/2020,20.9295,43.5944,,
28/09/2020,1523.888,1729.552,,,28/09/2020,21.1032,43.708,,
25/09/2020,1497.561,1702.084,,,25/09/2020,20.7256,43.2217,,
24/09/2020,1480.677,1665.939,,,24/09/2020,20.4964,42.3202,,
23/09/2020,1478.559,1661.137,,,23/09/2020,20.4667,42.2004,,
22/09/2020,1510.637,1708,,,22/09/2020,20.9108,43.3883,,
21/09/2020,1506.011,1680.986,,,21/09/2020,20.848,42.6997,,
18/09/2020,1543.021,1682.346,,,18/09/2020,21.3488,41.7177,,
17/09/2020,1557.203,1699.479,,,17/09/2020,21.5458,42.1432,,
16/09/2020,1564.249,1720.666,,,16/09/2020,21.6455,42.6693,,
15/09/2020,1554.707,1742.014,,,15/09/2020,21.5136,43.1988,,
14/09/2020,1555.546,1722.371,,,14/09/2020,21.5289,42.7122,,
11/09/2020,1534.501,1693.204,,,11/09/2020,21.2368,41.9879,,
10/09/2020,1526.894,1701.951,,,10/09/2020,21.1209,42.2085,,
09/09/2020,1548.328,1734.695,,,09/09/2020,21.4184,43.0203,,
08/09/2020,1530.446,1687.307,,,08/09/2020,21.1646,41.8364,,
04/09/2020,1559.863,1752.608,,,04/09/2020,21.573,43.4713,,
03/09/2020,1561.669,1779.241,,,03/09/2020,21.5994,44.135,,
02/09/2020,1595.683,1870.174,,,02/09/2020,22.0977,46.3697,,
01/09/2020,1570.228,1850.335,,,01/09/2020,21.7338,45.9167,,
31/08/2020,1566.183,1825.228,,,31/08/2020,21.6827,45.2937,,
28/08/2020,1580.412,1815.32,,,28/08/2020,21.9432,45.1751,,
27/08/2020,1568.141,1804.465,,,27/08/2020,21.7717,44.9225,,
26/08/2020,1557.554,1807.917,,,26/08/2020,21.6233,45.0078,,
25/08/2020,1561.509,1772.304,,,25/08/2020,21.6487,44.0758,,
24/08/2020,1562.542,1759.57,,,24/08/2020,21.6644,43.7592,,
21/08/2020,1539.258,1752.112,,,21/08/2020,21.3437,43.5674,,
20/08/2020,1540.023,1743.439,,,20/08/2020,21.3783,43.3575,,
19/08/2020,1547.45,1725.082,,,19/08/2020,21.4814,42.9003,,
18/08/2020,1553.791,1733.001,,,18/08/2020,21.5528,43.096,,
17/08/2020,1561.133,1720.666,,,17/08/2020,21.6536,42.8028,,
14/08/2020,1564.395,1703.414,,,14/08/2020,21.7034,42.3336,,
13/08/2020,1562.446,1706.895,,,13/08/2020,21.6749,42.4212,,
12/08/2020,1574.353,1698.455,,,12/08/2020,21.8422,42.2125,,
11/08/2020,1564.725,1664.378,,,11/08/2020,21.6996,41.3612,,
10/08/2020,1565.932,1689.318,,,10/08/2020,21.7039,41.9752,,
07/08/2020,1550.361,1697.913,,,07/08/2020,21.5287,42.1886,,
06/08/2020,1533.033,1713.272,,,06/08/2020,21.2879,42.5716,,
05/08/2020,1532.157,1697.741,,,05/08/2020,21.2726,42.1812,,
04/08/2020,1519.446,1686.392,,,04/08/2020,21.0966,41.8982,,
03/08/2020,1511.568,1682.439,,,03/08/2020,20.9856,41.796,,
31/07/2020,1506.485,1659.703,,,31/07/2020,20.8936,41.1442,,
30/07/2020,1512.042,1636.004,,,30/07/2020,20.9798,40.8989,,
29/07/2020,1527.642,1630.818,,,29/07/2020,21.1518,40.7702,,
28/07/2020,1507.137,1608.289,,,28/07/2020,20.8972,40.2072,,
27/07/2020,1512.164,1625.682,,,27/07/2020,21.0885,40.6515,,
24/07/2020,1509.758,1601.196,,,24/07/2020,20.9958,40.1168,,
23/07/2020,1523.65,1610.574,,,23/07/2020,21.1876,40.3444,,
22/07/2020,1524.972,1646.472,,,22/07/2020,21.208,41.2449,,
21/07/2020,1516.158,1637.355,,,21/07/2020,21.0861,41.014,,
20/07/2020,1497.017,1651.179,,,20/07/2020,20.7875,41.3319,,
17/07/2020,1506.955,1613.364,,,17/07/2020,21.1746,40.3768,,
16/07/2020,1502.72,1606.945,,,16/07/2020,21.1783,40.2123,,
15/07/2020,1503.582,1618.619,,,15/07/2020,21.4269,40.4983,,
14/07/2020,1476.675,1609.569,,,14/07/2020,21.052,40.2959,,
13/07/2020,1454.125,1590.827,,,13/07/2020,20.7136,39.8119,,
10/07/2020,1456.69,1623.871,,,10/07/2020,20.843,40.6333,,
09/07/2020,1429.638,1618.056,,,09/07/2020,20.4578,40.4889,,
08/07/2020,1453.536,1612.77,,,08/07/2020,20.8,40.3568,,
07/07/2020,1448.925,1591.374,,,07/07/2020,20.7085,39.8102,,
06/07/2020,1470.553,1603.529,,,06/07/2020,21.0181,40.1128,,
02/07/2020,1454.665,1572.017,,,02/07/2020,20.7452,39.3645,,
01/07/2020,1448.333,1564.158,,,01/07/2020,20.7617,39.1669,,
30/06/2020,1453.245,1545.395,,,30/06/2020,20.8814,38.7499,,
29/06/2020,1435.962,1516.541,,,29/06/2020,17.9644,38.8803,,
26/06/2020,1408.527,1500.018,,,26/06/2020,16.9876,32.398,,
25/06/2020,1442.06,1537.007,,,25/06/2020,16.9899,33.1521,,
24/06/2020,1426.005,1518.509,,,24/06/2020,16.7985,32.7664,,
23/06/2020,1470.399,1556.67,,,23/06/2020,17.3208,33.5829,,
22/06/2020,1469.902,1546.332,,,22/06/2020,17.3168,33.3587,,
19/06/2020,1469.929,1528.791,,,19/06/2020,17.2638,32.9845,,
18/06/2020,1483.633,1533.033,,,18/06/2020,17.4323,33.0757,,
17/06/2020,1484.974,1529.819,,,17/06/2020,17.3288,33.0068,,
16/06/2020,1501.349,1529.14,,,16/06/2020,17.5885,33.0402,,
15/06/2020,1475.818,1498.779,,,15/06/2020,17.2888,32.3836,,
12/06/2020,1462.718,1482.498,,,12/06/2020,17.1342,32.0177,,
11/06/2020,1436.824,1466.497,,,11/06/2020,16.8303,31.6722,,
10/06/2020,1539.143,1552.543,,,10/06/2020,18.0292,33.5303,,
09/06/2020,1575.071,1544.439,,,09/06/2020,18.4494,33.3608,,
08/06/2020,1608.211,1545.599,,,08/06/2020,18.8391,33.3856,,
05/06/2020,1576.555,1532.392,,,05/06/2020,18.4661,33.0981,,
04/06/2020,1528.855,1498.147,,,04/06/2020,17.9078,32.356,,
03/06/2020,1520.366,1513.536,,,03/06/2020,17.8091,32.6885,,
02/06/2020,1485.565,1500.549,,,02/06/2020,17.403,32.4071,,
01/06/2020,1470.73,1490.258,,,01/06/2020,17.2316,32.1824,,
29/05/2020,1463.191,1482.586,,,29/05/2020,17.0291,31.8583,,
28/05/2020,1465.003,1469.259,,,28/05/2020,17.0518,31.6008,,
27/05/2020,1477.146,1470.198,,,27/05/2020,17.1953,31.6252,,
26/05/2020,1441.389,1456.768,,,26/05/2020,16.7741,31.3311,,
22/05/2020,1402,1451.897,,,22/05/2020,16.3235,31.2202,,
21/05/2020,1401.726,1444.873,,,21/05/2020,16.315,31.0693,,
20/05/2020,1409.627,1455.332,,,20/05/2020,16.408,31.2942,,
19/05/2020,1383.968,1430.78,,,19/05/2020,16.1281,30.7663,,
18/05/2020,1407.799,1439.291,,,18/05/2020,16.4086,30.9485,,
15/05/2020,1344.302,1405.132,,,15/05/2020,15.6677,30.2123,,
14/05/2020,1344.165,1393.235,,,14/05/2020,15.6672,29.9544,,
13/05/2020,1326.622,1379.845,,,13/05/2020,15.4618,29.6669,,
12/05/2020,1359.686,1402.232,,,12/05/2020,16.0646,30.1487,,
11/05/2020,1394.35,1430.417,,,11/05/2020,16.4731,30.7542,,
08/05/2020,1408.57,1420.33,,,08/05/2020,16.704,30.5287,,
07/05/2020,1374.042,1400.541,,,07/05/2020,16.2868,30.0875,,
06/05/2020,1357.087,1382.425,,,06/05/2020,16.0584,29.6974,,
05/05/2020,1379.558,1380.971,,,05/05/2020,16.3259,29.6662,,
04/05/2020,1373.664,1362.872,,,04/05/2020,16.2544,29.2775,,
01/05/2020,1375.595,1350.241,,,01/05/2020,16.1456,28.7624,,
30/04/2020,1419.731,1388.993,,,30/04/2020,16.6671,29.6101,,
29/04/2020,1453.268,1393.305,,,29/04/2020,16.9892,29.5886,,
28/04/2020,1416.402,1350.791,,,28/04/2020,16.5647,28.6854,,
27/04/2020,1405.844,1367.897,,,27/04/2020,16.4416,29.0485,,
24/04/2020,1371.911,1350.895,,,24/04/2020,16.0448,28.7193,,
23/04/2020,1355.908,1329.86,,,23/04/2020,15.8308,28.2766,,
22/04/2020,1354.729,1329.403,,,22/04/2020,15.8183,28.2669,,
21/04/2020,1333.575,1294.138,,,21/04/2020,15.5712,27.5171,,
20/04/2020,1367.91,1340.667,,,20/04/2020,15.9739,28.5071,,
17/04/2020,1398.331,1358.681,,,17/04/2020,16.3269,28.888,,
16/04/2020,1343.837,1332.557,,,16/04/2020,15.6855,28.3128,,
15/04/2020,1349.69,1317.023,,,15/04/2020,15.766,27.983,,
14/04/2020,1396.208,1337.81,,,14/04/2020,16.3028,28.4071,,
13/04/2020,1369.214,1288.693,,,13/04/2020,15.9883,27.3659,,
09/04/2020,1399.407,1293.168,,,09/04/2020,16.3469,27.4985,,
08/04/2020,1363.048,1279.918,,,08/04/2020,16.3596,27.2144,,
07/04/2020,1309.715,1240.512,,,07/04/2020,15.7067,26.3847,,
06/04/2020,1303.875,1245.942,,,06/04/2020,15.6377,26.5002,,
03/04/2020,1222.563,1158.124,,,03/04/2020,14.6336,24.6563,,
02/04/2020,1244.127,1177.541,,,02/04/2020,14.5495,25.0626,,
01/04/2020,1215.87,1156.182,,,01/04/2020,14.2206,24.5972,,
31/03/2020,1277.745,1210.663,,,31/03/2020,14.9456,25.7589,,
30/03/2020,1300.816,1226.536,,,30/03/2020,13.5979,25.8008,,
27/03/2020,1266.424,1185.245,,,27/03/2020,13.2583,24.9427,,
26/03/2020,1305.853,1230.299,,,26/03/2020,13.6607,25.9143,,
25/03/2020,1227.558,1160.444,,,25/03/2020,12.8421,24.4427,,
24/03/2020,1201.265,1152.082,,,24/03/2020,12.5671,24.27,,
23/03/2020,1093.39,1055.627,,,23/03/2020,11.4384,22.2446,,
20/03/2020,1139.711,1074.222,,,20/03/2020,11.8806,22.4553,,
19/03/2020,1190.389,1120.723,,,19/03/2020,12.4062,23.4224,,
18/03/2020,1181.305,1103.863,,,18/03/2020,12.3111,23.0706,,
17/03/2020,1272.05,1159.074,,,17/03/2020,13.2583,24.2169,,
16/03/2020,1199.488,1097.878,,,16/03/2020,12.5007,22.9505,,
13/03/2020,1364.931,1254.438,,,13/03/2020,14.2345,26.2412,,
12/03/2020,1251.883,1151.751,,,12/03/2020,13.0564,24.096,,
11/03/2020,1392.663,1269.654,,,11/03/2020,14.5187,26.5579,,
10/03/2020,1472.88,1333.307,,,10/03/2020,15.349,27.8839,,
09/03/2020,1412.949,1267.946,,,09/03/2020,14.7287,26.5186,,
06/03/2020,1549.744,1363.409,,,06/03/2020,16.1568,28.5194,,
05/03/2020,1581.179,1385.446,,,05/03/2020,16.4819,28.9755,,
04/03/2020,1638.641,1432.239,,,04/03/2020,17.092,29.955,,
03/03/2020,1577.598,1374.38,,,03/03/2020,16.9054,28.7519,,
02/03/2020,1617.989,1415.097,,,02/03/2020,17.3358,29.6045,,
28/02/2020,1554.592,1352.843,,,28/02/2020,16.636,28.3383,,
27/02/2020,1579.887,1356.167,,,27/02/2020,16.9068,28.4248,,
26/02/2020,1649.271,1419.19,,,26/02/2020,17.622,29.7455,,
25/02/2020,1667.047,1420.105,,,25/02/2020,17.8127,29.7646,,
24/02/2020,1721.513,1464.266,,,24/02/2020,18.3947,30.6902,,
21/02/2020,1773.444,1519.473,,,21/02/2020,18.9476,31.8477,,
20/02/2020,1782.778,1543.002,,,20/02/2020,19.0473,32.355,,
19/02/2020,1782.115,1551.872,,,19/02/2020,19.0427,32.5362,,
18/02/2020,1776.718,1541.922,,,18/02/2020,18.985,32.3274,,
14/02/2020,1785.642,1542.252,,,14/02/2020,19.0727,32.3374,,
13/02/2020,1786.794,1536.545,,,13/02/2020,19.0854,32.2186,,
12/02/2020,1787.546,1538.564,,,12/02/2020,19.0884,32.2614,,
11/02/2020,1780.597,1525.085,,,11/02/2020,18.5136,31.9812,,
10/02/2020,1772.74,1524.18,,,10/02/2020,18.4317,31.9608,,
07/02/2020,1767.069,1507.792,,,07/02/2020,18.3686,31.6078,,
06/02/2020,1778.571,1515.772,,,06/02/2020,18.4817,31.7739,,
05/02/2020,1780.173,1507.083,,,05/02/2020,18.5068,31.5899,,
04/02/2020,1751.832,1499.928,,,04/02/2020,18.3379,32.7218,,
03/02/2020,1732.786,1471.273,,,03/02/2020,18.1452,32.0811,,
31/01/2020,1725.524,1453.944,,,31/01/2020,18.0645,31.6934,,
30/01/2020,1756.777,1480.314,,,30/01/2020,18.3985,32.2276,,
29/01/2020,1749.321,1477.598,,,29/01/2020,18.3203,32.1672,,
28/01/2020,1756.708,1475.103,,,28/01/2020,18.3974,32.1129,,
27/01/2020,1743.868,1456.975,,,27/01/2020,18.2649,31.7107,,
24/01/2020,1768.37,1481.557,,,24/01/2020,18.5224,32.2904,,
23/01/2020,1784.478,1495.704,,,23/01/2020,18.7185,32.6123,,
22/01/2020,1783.736,1493.198,,,22/01/2020,18.7066,32.5587,,
21/01/2020,1783.993,1491.96,,,21/01/2020,18.7096,32.5122,,
17/01/2020,1792.281,1493.775,,,17/01/2020,18.7963,32.5549,,
16/01/2020,1788.879,1488.114,,,16/01/2020,18.7567,32.4393,,
15/01/2020,1775.334,1473.641,,,15/01/2020,18.6136,32.1367,,
14/01/2020,1775.143,1468.374,,,14/01/2020,18.6092,32.0281,,
13/01/2020,1772.691,1472.56,,,13/01/2020,18.7163,32.1166,,
10/01/2020,1762.68,1459.763,,,10/01/2020,18.612,31.8389,,
09/01/2020,1769.58,1462.472,,,09/01/2020,18.6848,31.9034,,
08/01/2020,1763.406,1450.041,,,08/01/2020,18.6196,31.6323,,
07/01/2020,1760.034,1439.403,,,07/01/2020,18.5837,31.4002,,
06/01/2020,1765.443,1442.461,,,06/01/2020,18.6493,31.4754,,
03/01/2020,1764.087,1434.154,,,03/01/2020,18.6346,31.2876,,
02/01/2020,1775.256,1443.206,,,02/01/2020,18.7729,31.5516,,
31/12/2019,1770.357,1426.05,,,31/12/2019,18.6897,31.1278,,
30/12/2019,1764.098,1422.622,,,30/12/2019,18.7576,29.6768,,
27/12/2019,1771.67,1432.362,,,27/12/2019,18.8571,30.0893,,
26/12/2019,1772.805,1432.964,,,26/12/2019,18.8733,30.1024,,
24/12/2019,1768.714,1423.47,,,24/12/2019,18.8295,29.9054,,
23/12/2019,1768.149,1423.664,,,23/12/2019,18.7977,29.9022,,
20/12/2019,1768.93,1420.654,,,20/12/2019,18.5464,29.4918,,
19/12/2019,1759.67,1414.259,,,19/12/2019,18.4064,29.359,,
18/12/2019,1755.054,1405.519,,,18/12/2019,18.3624,29.1777,,
17/12/2019,1756.729,1404.523,,,17/12/2019,18.3771,29.1706,,
16/12/2019,1754.1,1404.81,,,16/12/2019,18.3507,29.1761,,
13/12/2019,1742.706,1393.603,,,13/12/2019,18.2322,28.9428,,
12/12/2019,1748.467,1390.009,,,12/12/2019,18.2918,28.8703,,
11/12/2019,1729.352,1382.516,,,11/12/2019,18.073,28.7149,,
10/12/2019,1727.319,1377.438,,,10/12/2019,18.0417,28.5474,,
09/12/2019,1728.793,1379.018,,,09/12/2019,17.9285,28.5798,,
06/12/2019,1733.416,1384.101,,,06/12/2019,17.9763,28.6876,,
05/12/2019,1717.103,1372.07,,,05/12/2019,17.8144,28.4381,,
04/12/2019,1714.433,1370.761,,,04/12/2019,17.7984,28.4118,,
03/12/2019,1702.209,1363.83,,,03/12/2019,17.6271,28.2684,,
02/12/2019,1715.301,1370.174,,,02/12/2019,17.7609,28.4013,,
29/11/2019,1726.178,1386.099,,,29/11/2019,17.8687,28.7626,,
27/11/2019,1733.915,1392.19,,,27/11/2019,17.8911,28.9238,,
26/11/2019,1728.065,1384.862,,,26/11/2019,17.8315,28.7804,,
25/11/2019,1726.823,1379.556,,,25/11/2019,17.8098,28.6727,,
22/11/2019,1716.347,1364.185,,,22/11/2019,17.7045,28.3608,,
21/11/2019,1710.476,1362.632,,,21/11/2019,17.6443,28.3264,,
20/11/2019,1711.191,1367.752,,,20/11/2019,17.6342,28.3755,,
19/11/2019,1716.39,1372.798,,,19/11/2019,17.68,28.4798,,
18/11/2019,1720.349,1369.536,,,18/11/2019,17.7202,28.4142,,
15/11/2019,1721.734,1367.602,,,15/11/2019,17.7213,28.4542,,
14/11/2019,1711.014,1355.681,,,14/11/2019,17.6128,28.2204,,
13/11/2019,1711.11,1353.209,,,13/11/2019,17.6183,28.169,,
12/11/2019,1711.891,1351.574,,,12/11/2019,17.6512,28.1163,,
11/11/2019,1712.396,1347.43,,,11/11/2019,17.6651,28.0294,,
08/11/2019,1717.376,1347.995,,,08/11/2019,17.7131,28.0448,,
07/11/2019,1714.957,1342.327,,,07/11/2019,17.6893,27.9217,,
06/11/2019,1710.152,1338.704,,,06/11/2019,17.6409,27.8467,,
05/11/2019,1710.428,1338.723,,,05/11/2019,17.6438,27.9194,,
04/11/2019,1709.367,1342.349,,,04/11/2019,17.6421,27.9896,,
01/11/2019,1699.349,1340.186,,,01/11/2019,17.5363,27.936,,
31/10/2019,1679.625,1327.98,,,31/10/2019,17.3242,27.7124,,
30/10/2019,1687.509,1331.406,,,30/10/2019,17.4022,27.7746,,
29/10/2019,1686.334,1324.966,,,29/10/2019,17.3966,27.6287,,
28/10/2019,1682.945,1329.041,,,28/10/2019,17.367,27.723,,
25/10/2019,1677.875,1317.775,,,25/10/2019,17.3034,27.4997,,
24/10/2019,1670.483,1312.117,,,24/10/2019,17.2227,27.379,,
23/10/2019,1674.515,1302.881,,,23/10/2019,17.2651,27.1864,,
22/10/2019,1669.692,1299.896,,,22/10/2019,17.2147,27.1227,,
21/10/2019,1666.149,1311.849,,,21/10/2019,17.1775,27.3884,,
18/10/2019,1653.414,1303.768,,,18/10/2019,17.0463,27.223,,
17/10/2019,1654.695,1313.161,,,17/10/2019,17.059,27.419,,
16/10/2019,1649.03,1308.302,,,16/10/2019,17.0049,27.3178,,
15/10/2019,1650.741,1312.952,,,15/10/2019,17.0224,27.415,,
14/10/2019,1636.942,1298.343,,,14/10/2019,16.8806,27.1101,,
11/10/2019,1640.97,1299.381,,,11/10/2019,16.9286,27.1311,,
10/10/2019,1622.03,1284.118,,,10/10/2019,16.735,26.8117,,
09/10/2019,1610.846,1277.752,,,09/10/2019,16.6271,26.6794,,
08/10/2019,1599.699,1264.347,,,08/10/2019,16.5055,26.4049,,
07/10/2019,1626.141,1284.622,,,07/10/2019,16.7792,26.8062,,
04/10/2019,1633.556,1289.272,,,04/10/2019,16.8555,26.9023,,
03/10/2019,1613.058,1270.618,,,03/10/2019,16.6294,26.5125,,
02/10/2019,1605.108,1256.982,,,02/10/2019,16.5473,26.2281,,
01/10/2019,1632.569,1278.69,,,01/10/2019,16.8325,26.6811,,
30/09/2019,1658.062,1292.394,,,30/09/2019,17.1022,26.9681,,
27/09/2019,1653.832,1282.883,,,27/09/2019,16.7952,27.5612,,
26/09/2019,1656.928,1295.937,,,26/09/2019,16.8252,27.839,,
25/09/2019,1663.378,1299.329,,,25/09/2019,16.8918,27.913,,
24/09/2019,1654.195,1289.447,,,24/09/2019,16.8013,27.708,,
23/09/2019,1666.87,1304.027,,,23/09/2019,16.9293,28.0215,,
20/09/2019,1665.878,1304.92,,,20/09/2019,16.7537,27.7313,,
19/09/2019,1669.435,1313.879,,,19/09/2019,16.739,27.9096,,
18/09/2019,1672.92,1311.973,,,18/09/2019,16.8263,27.8651,,
17/09/2019,1673.872,1312.306,,,17/09/2019,16.8355,27.8602,,
16/09/2019,1675.529,1305.479,,,16/09/2019,16.8517,27.7149,,
13/09/2019,1676.974,1309.068,,,13/09/2019,16.8664,27.7913,,
12/09/2019,1674.725,1312.859,,,12/09/2019,16.8448,27.8715,,
11/09/2019,1672.917,1308,,,11/09/2019,16.8269,27.7695,,
10/09/2019,1658.553,1297.235,,,10/09/2019,16.6826,27.5399,,
09/09/2019,1648.006,1302.479,,,09/09/2019,16.5759,27.6498,,
06/09/2019,1633.529,1312.342,,,06/09/2019,16.4305,27.8579,,
05/09/2019,1629.744,1314.177,,,05/09/2019,16.3946,27.8964,,
04/09/2019,1611.677,1294.548,,,04/09/2019,16.2127,27.4808,,
03/09/2019,1594.391,1281.108,,,03/09/2019,16.0413,27.195,,
30/08/2019,1602.79,1294.151,,,30/08/2019,16.1209,27.5136,,
29/08/2019,1598.94,1295.875,,,29/08/2019,16.0867,27.5617,,
28/08/2019,1579.917,1278.028,,,28/08/2019,15.8345,27.1817,,
27/08/2019,1565.884,1272.28,,,27/08/2019,15.6929,27.0597,,
26/08/2019,1575.209,1275.851,,,26/08/2019,15.7862,27.1357,,
23/08/2019,1561.392,1260.435,,,23/08/2019,15.6456,26.8082,,
22/08/2019,1601.484,1295.38,,,22/08/2019,16.0488,27.5598,,
21/08/2019,1599.883,1298.285,,,21/08/2019,16.0319,27.5812,,
20/08/2019,1589.986,1285.167,,,20/08/2019,15.9328,27.3035,,
19/08/2019,1604.89,1292.873,,,19/08/2019,16.0832,27.4582,,
16/08/2019,1587.806,1277.234,,,16/08/2019,15.9152,27.1066,,
15/08/2019,1563.564,1258.458,,,15/08/2019,15.6937,26.7119,,
14/08/2019,1561.002,1256.105,,,14/08/2019,15.6791,26.6533,,
13/08/2019,1606.752,1294.773,,,13/08/2019,16.1361,27.476,,
12/08/2019,1589.661,1272.594,,,12/08/2019,15.9637,27.002,,
09/08/2019,1611.156,1287.403,,,09/08/2019,16.1743,27.2486,,
08/08/2019,1622.495,1297.403,,,08/08/2019,16.3057,27.4602,,
07/08/2019,1596.057,1269.777,,,07/08/2019,16.0358,26.8688,,
06/08/2019,1599.413,1264.69,,,06/08/2019,16.0733,26.7613,,
05/08/2019,1583.266,1245.337,,,05/08/2019,15.9127,26.3544,,
02/08/2019,1626.807,1287.729,,,02/08/2019,16.3273,27.252,,
01/08/2019,1635.785,1301.674,,,01/08/2019,16.4146,27.5508,,
31/07/2019,1659.081,1309.114,,,31/07/2019,16.6497,27.7067,,
30/07/2019,1675.889,1323.275,,,30/07/2019,16.8074,27.9959,,
29/07/2019,1675.711,1326.676,,,29/07/2019,16.8096,28.068,,
26/07/2019,1678.291,1330.875,,,26/07/2019,16.8266,28.133,,
25/07/2019,1669.201,1317.416,,,25/07/2019,16.7383,27.8473,,
24/07/2019,1677.385,1327.087,,,24/07/2019,16.8237,28.0522,,
23/07/2019,1667.383,1318.848,,,23/07/2019,16.7014,27.88,,
22/07/2019,1653.742,1311.701,,,22/07/2019,16.563,27.7288,,
19/07/2019,1654.31,1305.18,,,19/07/2019,16.5691,27.5973,,
18/07/2019,1661.981,1314.971,,,18/07/2019,16.5707,27.804,,
17/07/2019,1653.779,1312.173,,,17/07/2019,16.4848,27.7965,,
16/07/2019,1667.095,1318.171,,,16/07/2019,16.6166,27.9237,,
15/07/2019,1670.904,1323.214,,,15/07/2019,16.6544,28.0295,,
12/07/2019,1674.353,1321.16,,,12/07/2019,16.6898,27.9899,,
11/07/2019,1665.449,1314.911,,,11/07/2019,16.6037,27.8421,,
10/07/2019,1663.36,1312.418,,,10/07/2019,16.5827,27.7896,,
09/07/2019,1660.004,1304.531,,,09/07/2019,16.5493,27.6613,,
08/07/2019,1661.159,1299.351,,,08/07/2019,16.5602,27.5513,,
05/07/2019,1668.972,1307.29,,,05/07/2019,16.6374,27.7196,,
03/07/2019,1670.279,1309.556,,,03/07/2019,16.6514,27.7652,,
02/07/2019,1658.251,1298.684,,,02/07/2019,16.5314,27.5354,,
01/07/2019,1658.071,1293.575,,,01/07/2019,16.5287,27.4271,,
28/06/2019,1648.981,1282.038,,,28/06/2019,16.7933,25.8192,,
27/06/2019,1634.76,1276.075,,,27/06/2019,16.6362,25.7121,,
26/06/2019,1626.484,1268.35,,,26/06/2019,16.5525,25.559,,
25/06/2019,1631.907,1267.499,,,25/06/2019,16.6052,25.5408,,
24/06/2019,1639.146,1285.284,,,24/06/2019,16.6798,25.8987,,
21/06/2019,1643.682,1289.693,,,21/06/2019,16.7317,26.0684,,
20/06/2019,1646.276,1293.477,,,20/06/2019,16.7584,26.1451,,
19/06/2019,1632.527,1281.497,,,19/06/2019,16.6178,25.9053,,
18/06/2019,1628.726,1276.215,,,18/06/2019,16.5777,25.7973,,
17/06/2019,1613.544,1262.981,,,17/06/2019,16.4234,25.5301,,
14/06/2019,1615.959,1257.536,,,14/06/2019,16.4485,25.4639,,
13/06/2019,1618.898,1261.665,,,13/06/2019,16.4788,25.5475,,
12/06/2019,1611.158,1256.003,,,12/06/2019,16.4071,25.4352,,
11/06/2019,1614.466,1258.024,,,11/06/2019,16.4419,25.4794,,
10/06/2019,1613.826,1260.323,,,10/06/2019,16.4353,25.5263,,
07/06/2019,1608.864,1251.781,,,07/06/2019,16.3842,25.3547,,
06/06/2019,1601.587,1233.061,,,06/06/2019,16.3097,24.986,,
05/06/2019,1593.761,1226.296,,,05/06/2019,16.2295,24.8413,,
04/06/2019,1585.453,1214.748,,,04/06/2019,16.145,24.6055,,
03/06/2019,1555.655,1184.986,,,03/06/2019,15.8439,24.0023,,
31/05/2019,1542.391,1200.194,,,31/05/2019,15.7263,24.311,,
30/05/2019,1561.24,1216.566,,,30/05/2019,15.9275,24.6434,,
29/05/2019,1563.158,1211.316,,,29/05/2019,15.9426,26.1236,,
28/05/2019,1573.037,1220.919,,,28/05/2019,16.0551,24.6507,,
24/05/2019,1591.635,1226.779,,,24/05/2019,16.2477,24.7652,,
23/05/2019,1587.487,1224.854,,,23/05/2019,16.206,24.7285,,
22/05/2019,1605.637,1242.742,,,22/05/2019,16.3907,25.0953,,
21/05/2019,1612.667,1246.242,,,21/05/2019,16.4625,25.153,,
20/05/2019,1599.67,1233.467,,,20/05/2019,16.3316,24.8957,,
17/05/2019,1605.78,1246.094,,,17/05/2019,16.3913,25.1463,,
16/05/2019,1614.691,1256.392,,,16/05/2019,16.4844,25.3552,,
15/05/2019,1602.164,1244.404,,,15/05/2019,16.3517,25.1164,,
14/05/2019,1599.958,1232.325,,,14/05/2019,16.3422,24.8728,,
13/05/2019,1588.092,1219.842,,,13/05/2019,16.2205,24.5896,,
10/05/2019,1621.503,1257.371,,,10/05/2019,16.5619,25.3502,,
09/05/2019,1613.277,1254.944,,,09/05/2019,16.4813,25.3014,,
08/05/2019,1617.022,1259.192,,,08/05/2019,16.4797,25.3896,,
07/05/2019,1622.195,1259.824,,,07/05/2019,16.5342,25.4076,,
06/05/2019,1646.761,1284.153,,,06/05/2019,16.7833,25.896,,
03/05/2019,1653.606,1288.825,,,03/05/2019,16.8293,25.9381,,
02/05/2019,1638.369,1273.593,,,02/05/2019,16.6698,25.6226,,
01/05/2019,1641.391,1275.114,,,01/05/2019,16.7014,25.6544,,
30/04/2019,1655.107,1284.297,,,30/04/2019,16.8411,25.8393,,
29/04/2019,1647.034,1289.022,,,29/04/2019,16.7347,25.981,,
26/04/2019,1644.495,1287.613,,,26/04/2019,16.7275,25.8636,,
25/04/2019,1636.958,1279.8,,,25/04/2019,16.657,25.7174,,
24/04/2019,1641.489,1279.829,,,24/04/2019,16.7039,25.7172,,
23/04/2019,1643.795,1282.328,,,23/04/2019,16.7272,25.7602,,
22/04/2019,1632.357,1266.813,,,22/04/2019,16.6105,25.4451,,
18/04/2019,1634.334,1264.04,,,18/04/2019,16.6285,25.3827,,
17/04/2019,1633.981,1261.043,,,17/04/2019,16.6204,25.3247,,
16/04/2019,1639.743,1265.359,,,16/04/2019,16.6805,25.4092,,
15/04/2019,1636.744,1266.439,,,15/04/2019,16.6497,25.4218,,
12/04/2019,1640.322,1266.03,,,12/04/2019,16.6869,25.4145,,
11/04/2019,1627.825,1259.395,,,11/04/2019,16.5598,25.2811,,
10/04/2019,1626.222,1260.363,,,10/04/2019,16.5538,25.2999,,
09/04/2019,1619.254,1253.782,,,09/04/2019,16.4816,25.1662,,
08/04/2019,1631.945,1261.024,,,08/04/2019,16.6107,25.3105,,
05/04/2019,1631.135,1259.618,,,05/04/2019,16.6009,25.2784,,
04/04/2019,1623.045,1252.81,,,04/04/2019,16.5219,25.1416,,
03/04/2019,1617.356,1252.552,,,03/04/2019,16.4645,25.137,,
02/04/2019,1615.51,1247.474,,,02/04/2019,16.4465,25.0363,,
01/04/2019,1619.71,1244.759,,,01/04/2019,16.5542,24.9795,,
29/03/2019,1600.756,1230.647,,,29/03/2019,16.3649,25.3962,,
28/03/2019,1593.719,1220.398,,,28/03/2019,16.2696,25.1859,,
27/03/2019,1588.534,1213.996,,,27/03/2019,16.2208,25.0586,,
26/03/2019,1594.514,1220.629,,,26/03/2019,16.2814,25.1953,,
25/03/2019,1578.781,1214.293,,,25/03/2019,16.1212,25.0641,,
22/03/2019,1581.245,1213.766,,,22/03/2019,16.1512,25.0453,,
21/03/2019,1611.497,1242.214,,,21/03/2019,16.4526,25.6359,,
20/03/2019,1597.898,1224.853,,,20/03/2019,16.31,25.2752,,
19/03/2019,1609.647,1224.687,,,19/03/2019,16.4229,25.2724,,
18/03/2019,1614.747,1222.91,,,18/03/2019,16.5518,25.2897,,
15/03/2019,1607.754,1218.335,,,15/03/2019,16.4301,24.8082,,
14/03/2019,1601.291,1212.3,,,14/03/2019,16.3625,24.686,,
13/03/2019,1602.998,1213.764,,,13/03/2019,16.381,24.7159,,
12/03/2019,1592.642,1205.855,,,12/03/2019,16.2749,24.5549,,
11/03/2019,1588.714,1202.104,,,11/03/2019,16.2341,24.4766,,
08/03/2019,1568.969,1181.731,,,08/03/2019,16.0322,24.0612,,
07/03/2019,1573.11,1183.518,,,07/03/2019,16.0735,24.1033,,
06/03/2019,1583.269,1194.894,,,06/03/2019,16.1789,24.3365,,
05/03/2019,1596.7,1203.957,,,05/03/2019,16.3149,24.5183,,
04/03/2019,1600.284,1204.908,,,04/03/2019,16.3765,24.5359,,
01/03/2019,1606.61,1211.581,,,01/03/2019,16.4337,24.6745,,
28/02/2019,1597.944,1201.516,,,28/02/2019,16.3512,24.465,,
27/02/2019,1602.827,1205.041,,,27/02/2019,16.3837,24.4875,,
26/02/2019,1602.781,1204.449,,,26/02/2019,16.3829,24.4757,,
25/02/2019,1606.838,1205.35,,,25/02/2019,16.4311,24.494,,
22/02/2019,1605.409,1203.649,,,22/02/2019,16.4164,24.4627,,
21/02/2019,1598.784,1192.167,,,21/02/2019,16.3488,24.2316,,
20/02/2019,1603.813,1196.947,,,20/02/2019,16.4043,24.3375,,
19/02/2019,1598.625,1196.466,,,19/02/2019,16.3514,24.3291,,
15/02/2019,1594.235,1195.889,,,15/02/2019,16.2964,24.3421,,
14/02/2019,1572.244,1186.242,,,14/02/2019,16.0671,24.1346,,
13/02/2019,1577.328,1187.555,,,13/02/2019,16.119,24.1611,,
12/02/2019,1572.101,1184.485,,,12/02/2019,16.0595,24.0539,,
11/02/2019,1554.474,1167.876,,,11/02/2019,15.8659,23.7223,,
08/02/2019,1551.128,1166.651,,,08/02/2019,15.8299,23.6941,,
07/02/2019,1551.763,1164.471,,,07/02/2019,15.8334,23.6588,,
06/02/2019,1563.377,1176.587,,,06/02/2019,15.9481,23.9014,,
05/02/2019,1565.314,1180.258,,,05/02/2019,15.9661,23.9737,,
04/02/2019,1562.381,1171.851,,,04/02/2019,15.9364,23.8033,,
01/02/2019,1557.171,1159.111,,,01/02/2019,15.868,23.5933,,
31/01/2019,1551.575,1159.627,,,31/01/2019,15.8093,23.6357,,
30/01/2019,1542.479,1146.805,,,30/01/2019,15.7289,23.3955,,
29/01/2019,1529.54,1122.578,,,29/01/2019,15.5971,22.9002,,
28/01/2019,1526.723,1127.93,,,28/01/2019,15.5724,23.0115,,
25/01/2019,1532.607,1140.047,,,25/01/2019,15.6396,23.2324,,
24/01/2019,1523.228,1126.083,,,24/01/2019,15.5461,22.9485,,
23/01/2019,1521.473,1121.891,,,23/01/2019,15.5271,22.859,,
22/01/2019,1518.115,1120.885,,,22/01/2019,15.4994,22.8612,,
18/01/2019,1536.623,1140.024,,,18/01/2019,15.6889,23.2532,,
17/01/2019,1517.286,1125.399,,,17/01/2019,15.4915,22.9577,,
16/01/2019,1506.126,1116.314,,,16/01/2019,15.3987,22.7717,,
15/01/2019,1499.254,1114.798,,,15/01/2019,15.3283,22.7406,,
14/01/2019,1489.867,1098.898,,,14/01/2019,15.2317,22.413,,
11/01/2019,1495.628,1107.487,,,11/01/2019,15.2905,22.5876,,
10/01/2019,1492.533,1109.745,,,10/01/2019,15.2578,22.637,,
09/01/2019,1486.198,1104.003,,,09/01/2019,15.194,22.5123,,
08/01/2019,1480.801,1097.164,,,08/01/2019,15.1282,22.2963,,
07/01/2019,1467.936,1083.799,,,07/01/2019,15.0068,22.0987,,
04/01/2019,1459.515,1071.501,,,04/01/2019,14.9202,21.8497,,
03/01/2019,1417.516,1030.567,,,03/01/2019,14.4984,21.0162,,
02/01/2019,1441.939,1063.039,,,02/01/2019,14.7467,21.6784,,
31/12/2018,1439.431,1062.7,,,31/12/2018,14.7108,21.6851,,
28/12/2018,1428.631,1052.441,,,28/12/2018,14.1435,22.8854,,
27/12/2018,1429.254,1053.373,,,27/12/2018,14.1161,22.8758,,
26/12/2018,1418.033,1045.32,,,26/12/2018,14.0051,22.7017,,
24/12/2018,1360.356,988.805,,,24/12/2018,13.4847,21.4731,,
21/12/2018,1401.093,1012.756,,,21/12/2018,13.8802,21.7031,,
20/12/2018,1423.244,1040.565,,,20/12/2018,14.1019,22.2964,,
19/12/2018,1443.786,1059.542,,,19/12/2018,14.282,22.6687,,
18/12/2018,1463,1079.4,,,18/12/2018,14.5147,23.4334,,
17/12/2018,1469.866,1074.059,,,17/12/2018,14.5397,22.979,,
14/12/2018,1498.644,1100.154,,,14/12/2018,14.8273,23.5595,,
13/12/2018,1521.75,1124.198,,,13/12/2018,15.0618,24.0758,,
12/12/2018,1524.44,1126.947,,,12/12/2018,15.0878,24.1358,,
11/12/2018,1518.974,1117.64,,,11/12/2018,15.034,23.9361,,
10/12/2018,1522.385,1116.662,,,10/12/2018,15.067,23.9152,,
07/12/2018,1528.964,1109.572,,,07/12/2018,15.1383,23.772,,
06/12/2018,1556.121,1142.64,,,06/12/2018,15.4059,24.4759,,
04/12/2018,1563.968,1139.481,,,04/12/2018,15.4903,24.4096,,
03/12/2018,1611.597,1183.573,,,03/12/2018,15.9704,25.355,,
30/11/2018,1599.323,1166.693,,,30/11/2018,15.8896,25.0193,,
29/11/2018,1588.651,1155.996,,,29/11/2018,15.6581,24.7673,,
28/11/2018,1591.591,1158.799,,,28/11/2018,15.6985,24.8549,,
27/11/2018,1567.061,1123.708,,,27/11/2018,15.459,24.1315,,
26/11/2018,1564.334,1122.785,,,26/11/2018,15.4579,24.1191,,
23/11/2018,1545.704,1102.062,,,23/11/2018,15.3738,23.7079,,
21/11/2018,1554.431,1108.128,,,21/11/2018,16.2961,23.8288,,
20/11/2018,1549.896,1100.946,,,20/11/2018,16.2521,23.6735,,
19/11/2018,1578.924,1120.19,,,19/11/2018,16.6089,24.0683,,
16/11/2018,1588.668,1153.959,,,16/11/2018,16.723,24.8037,,
15/11/2018,1581.061,1154.588,,,15/11/2018,16.6297,24.7528,,
14/11/2018,1566.345,1139.923,,,14/11/2018,16.4799,24.442,,
13/11/2018,1576.947,1149.877,,,13/11/2018,16.617,24.6667,,
12/11/2018,1579.289,1151.127,,,12/11/2018,16.6404,24.6925,,
09/11/2018,1602.139,1180.985,,,09/11/2018,16.8706,25.4681,,
08/11/2018,1613.124,1196.998,,,08/11/2018,17.019,25.8901,,
07/11/2018,1616.392,1201.586,,,07/11/2018,17.1613,26.0562,,
06/11/2018,1593.94,1169.928,,,06/11/2018,16.9231,25.3785,,
05/11/2018,1585.237,1162.291,,,05/11/2018,16.8383,25.213,,
02/11/2018,1569.635,1163.534,,,02/11/2018,16.5032,25.2621,,
01/11/2018,1573.776,1173.576,,,01/11/2018,16.5555,25.4883,,
31/10/2018,1558.633,1156.143,,,31/10/2018,16.3503,25.0047,,
30/10/2018,1551.849,1136.463,,,30/10/2018,16.3524,24.6904,,
29/10/2018,1526.693,1118.889,,,29/10/2018,16.0868,24.3077,,
26/10/2018,1523.895,1135.989,,,26/10/2018,16.0603,24.7406,,
25/10/2018,1544.165,1159.05,,,25/10/2018,16.2812,25.2504,,
24/10/2018,1524.867,1130.836,,,24/10/2018,16.0777,24.6355,,
23/10/2018,1564.08,1175.863,,,23/10/2018,16.5025,25.6225,,
22/10/2018,1573.232,1182.62,,,22/10/2018,16.5927,25.7667,,
19/10/2018,1587.113,1181.859,,,19/10/2018,16.7408,25.7357,,
18/10/2018,1586.368,1187.149,,,18/10/2018,16.7322,25.8504,,
17/10/2018,1603.139,1210.335,,,17/10/2018,16.9092,26.3555,,
16/10/2018,1600.854,1214.12,,,16/10/2018,16.8847,26.4377,,
15/10/2018,1574.425,1181.337,,,15/10/2018,16.6058,25.7233,,
12/10/2018,1576.618,1190.558,,,12/10/2018,16.6292,25.9303,,
11/10/2018,1568.724,1166.031,,,11/10/2018,16.5461,25.3967,,
10/10/2018,1608.525,1184.263,,,10/10/2018,16.9699,25.794,,
09/10/2018,1650.096,1233.283,,,09/10/2018,17.4131,26.8602,,
08/10/2018,1655.182,1234.268,,,08/10/2018,17.4661,26.8818,,
05/10/2018,1649.268,1241.528,,,05/10/2018,17.4043,27.0422,,
04/10/2018,1655.192,1252.172,,,04/10/2018,17.4696,27.2751,,
03/10/2018,1659.382,1272.297,,,03/10/2018,17.5184,27.7413,,
02/10/2018,1656.903,1270.002,,,02/10/2018,17.4927,27.6915,,
01/10/2018,1654.483,1275.808,,,01/10/2018,17.4668,27.817,,
28/09/2018,1651.213,1274.376,,,28/09/2018,22.7535,29.715,,
27/09/2018,1649.985,1274.299,,,27/09/2018,22.7525,29.7583,,
26/09/2018,1650.452,1267.881,,,26/09/2018,22.7611,29.6081,,
25/09/2018,1661.264,1270.175,,,25/09/2018,22.9104,29.662,,
24/09/2018,1667.355,1267.462,,,24/09/2018,22.9932,29.5988,,
21/09/2018,1679.956,1267.107,,,21/09/2018,20.9192,28.4552,,
20/09/2018,1678.049,1270.802,,,20/09/2018,20.8938,28.5395,,
19/09/2018,1665.584,1260.38,,,19/09/2018,20.7406,28.2994,,
18/09/2018,1661.664,1262.742,,,18/09/2018,20.6909,28.3525,,
17/09/2018,1655.469,1254.285,,,17/09/2018,20.6122,28.1626,,
14/09/2018,1657.824,1269.132,,,14/09/2018,20.6373,28.4938,,
13/09/2018,1655.067,1269.023,,,13/09/2018,20.603,28.4919,,
12/09/2018,1649.601,1261.428,,,12/09/2018,20.5347,28.3214,,
11/09/2018,1648.174,1261.877,,,11/09/2018,20.5369,28.3471,,
10/09/2018,1647.906,1253.763,,,10/09/2018,20.5234,28.1658,,
07/09/2018,1644.704,1250.75,,,07/09/2018,20.4842,28.1067,,
06/09/2018,1648.82,1253.049,,,06/09/2018,20.5363,28.1567,,
05/09/2018,1655.215,1258.241,,,05/09/2018,20.6179,28.2742,,
04/09/2018,1650.414,1270.185,,,04/09/2018,18.4293,28.543,,
31/08/2018,1654.595,1271.195,,,31/08/2018,18.4752,28.5648,,
30/08/2018,1655.278,1268.804,,,30/08/2018,18.4951,28.5656,,
29/08/2018,1664.733,1272.337,,,29/08/2018,18.61,28.7234,,
28/08/2018,1660.545,1261.93,,,28/08/2018,18.5709,28.4882,,
27/08/2018,1660.948,1260.586,,,27/08/2018,18.5752,28.4576,,
24/08/2018,1651.261,1250.382,,,24/08/2018,18.4643,28.21,,
23/08/2018,1644.056,1240.333,,,23/08/2018,18.3838,27.9832,,
22/08/2018,1649.732,1240.758,,,22/08/2018,18.444,27.9823,,
21/08/2018,1653.22,1237.936,,,21/08/2018,18.4842,27.9185,,
20/08/2018,1647.545,1234.089,,,20/08/2018,18.4206,27.8293,,
17/08/2018,1642.047,1231.757,,,17/08/2018,18.355,27.7784,,
16/08/2018,1634.459,1229.175,,,16/08/2018,18.2699,27.7163,,
15/08/2018,1617.034,1222.88,,,15/08/2018,18.0746,27.5746,,
14/08/2018,1628.795,1234.462,,,14/08/2018,18.2053,27.8372,,
13/08/2018,1618.473,1225.792,,,13/08/2018,18.0914,27.6411,,
10/08/2018,1628.414,1229.009,,,10/08/2018,18.1951,27.7144,,
09/08/2018,1639.56,1236.443,,,09/08/2018,18.3433,27.8821,,
08/08/2018,1642.908,1235.968,,,08/08/2018,18.3886,27.874,,
07/08/2018,1644.415,1236.073,,,07/08/2018,18.4085,27.8805,,
06/08/2018,1640.605,1231.719,,,06/08/2018,18.2809,27.7559,,
03/08/2018,1636.508,1224.841,,,03/08/2018,18.2564,27.6339,,
02/08/2018,1627.55,1223.264,,,02/08/2018,18.1771,27.6271,,
01/08/2018,1625.376,1210.425,,,01/08/2018,18.1548,27.3307,,
31/07/2018,1633.592,1206.482,,,31/07/2018,18.2344,27.2319,,
30/07/2018,1627.197,1197.413,,,30/07/2018,18.1875,27.0526,,
27/07/2018,1624.703,1214.726,,,27/07/2018,18.1691,27.5529,,
26/07/2018,1630.69,1230.08,,,26/07/2018,18.2313,27.8969,,
25/07/2018,1622.513,1240.656,,,25/07/2018,18.1375,28.1353,,
24/07/2018,1615.224,1225.532,,,24/07/2018,18.0556,27.7898,,
23/07/2018,1610.653,1223.833,,,23/07/2018,18.0018,27.7562,,
20/07/2018,1606.756,1223.116,,,20/07/2018,17.9575,27.7399,,
19/07/2018,1610.69,1223.572,,,19/07/2018,18.0009,27.7521,,
18/07/2018,1614.769,1227.303,,,18/07/2018,18.0463,27.8356,,
17/07/2018,1609.415,1225.61,,,17/07/2018,17.9959,27.7777,,
16/07/2018,1606.322,1217.464,,,16/07/2018,17.953,27.5798,,
13/07/2018,1606.515,1221.714,,,13/07/2018,17.9526,27.6892,,
12/07/2018,1607.688,1219.246,,,12/07/2018,17.9653,27.6336,,
11/07/2018,1601.264,1204.493,,,11/07/2018,17.8937,27.2978,,
10/07/2018,1615.58,1210.712,,,10/07/2018,18.0555,27.4747,,
09/07/2018,1610.835,1208.315,,,09/07/2018,18.0026,27.4203,,
06/07/2018,1597.795,1197.521,,,06/07/2018,17.8561,27.1906,,
05/07/2018,1587.296,1184.811,,,05/07/2018,17.74,26.9019,,
03/07/2018,1576.003,1172.699,,,03/07/2018,17.613,26.6269,,
02/07/2018,1577.364,1180.956,,,02/07/2018,17.629,26.8145,,
29/06/2018,1576.459,1173.75,,,29/06/2018,19.0237,28.3099,,
28/06/2018,1576.591,1172.146,,,28/06/2018,19.0383,28.2695,,
27/06/2018,1570.51,1162.752,,,27/06/2018,18.965,28.0548,,
26/06/2018,1580.726,1177.977,,,26/06/2018,19.0879,28.4225,,
25/06/2018,1578.652,1173.239,,,25/06/2018,19.0629,28.3085,,
22/06/2018,1594.962,1195.415,,,22/06/2018,19.4065,27.2666,,
21/06/2018,1587.169,1197.225,,,21/06/2018,19.3127,27.3079,,
20/06/2018,1597.233,1206.336,,,20/06/2018,19.4352,27.5158,,
19/06/2018,1595.637,1201.443,,,19/06/2018,19.4167,27.404,,
18/06/2018,1598.599,1208.011,,,18/06/2018,19.4532,27.5537,,
15/06/2018,1602.203,1208.155,,,15/06/2018,19.4576,27.5697,,
14/06/2018,1604.099,1208.883,,,14/06/2018,19.4812,27.5865,,
13/06/2018,1605.164,1202.03,,,13/06/2018,19.4942,27.4297,,
12/06/2018,1612.902,1206.313,,,12/06/2018,19.5883,27.5279,,
11/06/2018,1613.925,1200.673,,,11/06/2018,19.6029,27.3985,,
08/06/2018,1613.252,1198.809,,,08/06/2018,19.5949,27.3556,,
07/06/2018,1608.629,1194.569,,,07/06/2018,19.5384,27.259,,
06/06/2018,1603.731,1200.377,,,06/06/2018,19.4792,27.3692,,
05/06/2018,1589.739,1190.628,,,05/06/2018,19.3083,27.1508,,
04/06/2018,1591.151,1186.409,,,04/06/2018,19.3336,27.0548,,
01/06/2018,1587.862,1178.164,,,01/06/2018,19.2975,26.8662,,
31/05/2018,1574.926,1163.804,,,31/05/2018,19.1412,26.5734,,
30/05/2018,1589.01,1170.189,,,30/05/2018,19.3384,26.8303,,
29/05/2018,1565.389,1157.721,,,29/05/2018,19.0523,26.5426,,
25/05/2018,1586.927,1165.895,,,25/05/2018,19.3185,26.7393,,
24/05/2018,1593.062,1166.436,,,24/05/2018,19.3933,26.7517,,
23/05/2018,1598.698,1166.298,,,23/05/2018,19.462,26.7488,,
22/05/2018,1599.078,1159.529,,,22/05/2018,19.4667,26.5938,,
21/05/2018,1602.233,1165.8,,,21/05/2018,19.5054,26.7387,,
18/05/2018,1590.013,1157.625,,,18/05/2018,19.3566,26.5516,,
17/05/2018,1596.976,1157.567,,,17/05/2018,19.4415,26.5519,,
16/05/2018,1595.881,1158.608,,,16/05/2018,19.4283,26.5759,,
15/05/2018,1589.039,1153.02,,,15/05/2018,19.3482,26.4738,,
14/05/2018,1595.849,1161.883,,,14/05/2018,19.4293,26.6777,,
11/05/2018,1594.534,1162.012,,,11/05/2018,19.4174,26.6861,,
10/05/2018,1591.89,1160.356,,,10/05/2018,19.3956,26.6478,,
09/05/2018,1578.451,1150.35,,,09/05/2018,19.2319,26.4185,,
08/05/2018,1564.04,1140,,,08/05/2018,19.0578,26.1814,,
07/05/2018,1563.544,1139.477,,,07/05/2018,19.0516,26.168,,
04/05/2018,1559.449,1133.033,,,04/05/2018,19.0047,26.087,,
03/05/2018,1542.144,1116.9,,,03/05/2018,18.7957,25.7345,,
02/05/2018,1550.111,1117.028,,,02/05/2018,18.893,25.7402,,
01/05/2018,1562.32,1122.097,,,01/05/2018,19.0419,25.8569,,
30/04/2018,1563.883,1115.197,,,30/04/2018,18.8773,25.6974,,
27/04/2018,1578.835,1122.739,,,27/04/2018,19.1562,26.0178,,
26/04/2018,1578.031,1121.669,,,26/04/2018,19.1479,25.9967,,
25/04/2018,1572.272,1104.689,,,25/04/2018,19.078,25.6059,,
24/04/2018,1569.498,1103.856,,,24/04/2018,19.0452,25.5868,,
23/04/2018,1578.92,1124.607,,,23/04/2018,19.1596,26.0681,,
20/04/2018,1577.704,1125.869,,,20/04/2018,19.1457,26.0978,,
19/04/2018,1585.791,1138.163,,,19/04/2018,19.2438,26.3826,,
18/04/2018,1590.548,1147.636,,,18/04/2018,19.3016,26.6017,,
17/04/2018,1589.107,1145.921,,,17/04/2018,19.2841,26.5621,,
16/04/2018,1581.029,1128.051,,,16/04/2018,19.188,26.1479,,
13/04/2018,1568.323,1118.666,,,13/04/2018,19.0333,25.9283,,
12/04/2018,1573.237,1122.399,,,12/04/2018,19.0932,26.015,,
11/04/2018,1562.286,1112.949,,,11/04/2018,18.9523,25.7957,,
10/04/2018,1569.046,1118.297,,,10/04/2018,19.0343,25.9194,,
09/04/2018,1545.064,1098.333,,,09/04/2018,18.7434,25.4566,,
06/04/2018,1541.225,1095.083,,,06/04/2018,18.693,25.3807,,
05/04/2018,1572.576,1120.552,,,05/04/2018,19.0731,25.9765,,
04/04/2018,1561.035,1113.226,,,04/04/2018,18.9331,25.8064,,
03/04/2018,1546.463,1098.538,,,03/04/2018,18.7564,25.4622,,
02/04/2018,1525.66,1086.215,,,02/04/2018,18.5043,25.1764,,
29/03/2018,1559.34,1112.251,,,29/03/2018,20.0605,27.3569,,
28/03/2018,1541.348,1095.684,,,28/03/2018,19.8251,26.9497,,
27/03/2018,1541.444,1101.437,,,27/03/2018,19.833,27.0996,,
26/03/2018,1558.658,1127.711,,,26/03/2018,20.058,27.7471,,
23/03/2018,1523.492,1095.868,,,23/03/2018,19.5829,26.9933,,
22/03/2018,1555.146,1119.372,,,22/03/2018,19.99,27.5724,,
21/03/2018,1592.627,1149.15,,,21/03/2018,20.4669,28.3061,,
20/03/2018,1589.745,1153.004,,,20/03/2018,20.4299,28.4002,,
19/03/2018,1591.552,1148.656,,,19/03/2018,20.4526,28.2929,,
16/03/2018,1610.058,1166.534,,,16/03/2018,20.4432,28.5227,,
15/03/2018,1603.685,1165.587,,,15/03/2018,20.3623,28.4997,,
14/03/2018,1606.586,1166.798,,,14/03/2018,20.3991,28.5292,,
13/03/2018,1618.541,1171.208,,,13/03/2018,20.5542,28.6374,,
12/03/2018,1627.342,1179.389,,,12/03/2018,20.6594,28.8358,,
09/03/2018,1629.882,1179.134,,,09/03/2018,20.6885,28.8232,,
08/03/2018,1603.772,1159.123,,,08/03/2018,20.3577,28.3443,,
07/03/2018,1600.006,1153.514,,,07/03/2018,20.3263,28.207,,
06/03/2018,1602.182,1151.022,,,06/03/2018,20.3583,28.1405,,
05/03/2018,1597.589,1145.896,,,05/03/2018,20.3159,28.0157,,
02/03/2018,1579.452,1134.301,,,02/03/2018,20.0875,27.7345,,
01/03/2018,1570.412,1126.294,,,01/03/2018,19.9725,27.548,,
28/02/2018,1587.114,1141.245,,,28/02/2018,20.2013,28.0024,,
27/02/2018,1608.023,1151.968,,,27/02/2018,20.5017,28.3252,,
26/02/2018,1628.695,1167.167,,,26/02/2018,20.7653,28.6995,,
23/02/2018,1611.595,1154.612,,,23/02/2018,20.5502,28.3958,,
22/02/2018,1587.539,1136.793,,,22/02/2018,20.2437,27.9579,,
21/02/2018,1588.83,1134.859,,,21/02/2018,20.2601,27.9087,,
20/02/2018,1598.476,1138.952,,,20/02/2018,20.3831,28.0117,,
16/02/2018,1613.021,1142.411,,,16/02/2018,20.5686,28.1069,,
15/02/2018,1609.548,1143.321,,,15/02/2018,20.5243,28.1296,,
14/02/2018,1594.361,1127.525,,,14/02/2018,20.3311,27.7402,,
13/02/2018,1573.822,1110.775,,,13/02/2018,20.0691,27.3258,,
12/02/2018,1570.612,1106.923,,,12/02/2018,20.0282,27.231,,
09/02/2018,1552.259,1090.828,,,09/02/2018,19.7943,26.8377,,
08/02/2018,1533.755,1073.908,,,08/02/2018,19.5583,26.4331,,
07/02/2018,1587.207,1117.881,,,07/02/2018,20.2406,27.516,,
06/02/2018,1590.236,1124.924,,,06/02/2018,20.279,27.6894,,
05/02/2018,1571.589,1102.836,,,05/02/2018,20.0415,27.1449,,
02/02/2018,1639.286,1146.907,,,02/02/2018,20.9233,28.2755,,
01/02/2018,1675.361,1170.705,,,01/02/2018,21.3849,28.8582,,
31/01/2018,1671.125,1173.954,,,31/01/2018,21.3303,28.9382,,
30/01/2018,1673.945,1172.173,,,30/01/2018,21.3914,28.9588,,
29/01/2018,1694.188,1183.407,,,29/01/2018,21.6509,29.2347,,
26/01/2018,1705.573,1191.607,,,26/01/2018,21.8026,29.5081,,
25/01/2018,1690.082,1177.324,,,25/01/2018,21.6067,29.1563,,
24/01/2018,1690.453,1175.972,,,24/01/2018,21.6109,29.1228,,
23/01/2018,1689.28,1179.766,,,23/01/2018,21.5958,29.2136,,
22/01/2018,1689.054,1174.374,,,22/01/2018,21.593,29.0799,,
19/01/2018,1675.516,1165.526,,,19/01/2018,21.4218,28.8591,,
18/01/2018,1667.021,1158.629,,,18/01/2018,21.3133,28.6882,,
17/01/2018,1673.036,1159.371,,,17/01/2018,21.3902,28.7078,,
16/01/2018,1660.141,1147.172,,,16/01/2018,21.2253,28.3889,,
12/01/2018,1667.233,1152.758,,,12/01/2018,21.316,28.5173,,
11/01/2018,1657.766,1145.338,,,11/01/2018,21.195,28.3446,,
10/01/2018,1643.425,1136.452,,,10/01/2018,21.0116,28.125,,
09/01/2018,1643.718,1138.953,,,09/01/2018,21.0158,28.1871,,
08/01/2018,1643.403,1137.007,,,08/01/2018,21.0117,28.139,,
05/01/2018,1640.895,1134.587,,,05/01/2018,20.9793,28.079,,
04/01/2018,1634.965,1124.313,,,04/01/2018,20.9035,27.8247,,
03/01/2018,1629.414,1120,,,03/01/2018,20.8341,27.7192,,
02/01/2018,1623.774,1110.951,,,02/01/2018,20.7621,27.4953,,
29/12/2017,1614.02,1099.451,,,29/12/2017,21.2463,28.5746,,
28/12/2017,1622.331,1105.839,,,28/12/2017,21.383,28.7536,,
27/12/2017,1618.421,1103.919,,,27/12/2017,21.3317,28.7034,,
26/12/2017,1618.78,1102.09,,,26/12/2017,21.3361,28.6586,,
22/12/2017,1618.597,1103.928,,,22/12/2017,21.3148,28.7312,,
21/12/2017,1619.166,1104.63,,,21/12/2017,21.3223,28.7494,,
20/12/2017,1611.58,1104.72,,,20/12/2017,21.2229,28.7515,,
19/12/2017,1611.424,1105.842,,,19/12/2017,21.2205,28.7799,,
18/12/2017,1617.99,1109.435,,,18/12/2017,21.3069,28.8729,,
15/12/2017,1607.586,1102.784,,,15/12/2017,21.0569,28.4571,,
14/12/2017,1593.444,1091.848,,,14/12/2017,20.8714,28.1751,,
13/12/2017,1603.109,1095.796,,,13/12/2017,20.9981,28.2769,,
12/12/2017,1607.268,1093.153,,,12/12/2017,21.0526,28.2091,,
11/12/2017,1603.119,1094.023,,,11/12/2017,20.9981,28.2316,,
08/12/2017,1599.593,1090.626,,,08/12/2017,20.9522,28.1447,,
07/12/2017,1590.811,1085.468,,,07/12/2017,20.8376,28.0114,,
06/12/2017,1587.586,1079.602,,,06/12/2017,20.7956,27.8602,,
05/12/2017,1592.558,1078.06,,,05/12/2017,20.8608,27.8206,,
04/12/2017,1604.099,1079.85,,,04/12/2017,21.012,27.8909,,
01/12/2017,1597.008,1087.569,,,01/12/2017,20.9204,28.0875,,
30/11/2017,1596.681,1092.383,,,30/11/2017,20.9163,28.2177,,
29/11/2017,1588.403,1082.067,,,29/11/2017,20.8353,28.075,,
28/11/2017,1575.759,1090.77,,,28/11/2017,20.6719,28.2992,,
27/11/2017,1554.21,1083.678,,,27/11/2017,20.3876,28.1152,,
24/11/2017,1557.161,1083.722,,,24/11/2017,20.4247,28.1234,,
22/11/2017,1556.799,1079.752,,,22/11/2017,20.4199,28.02,,
21/11/2017,1557.381,1080.879,,,21/11/2017,20.4284,28.0489,,
20/11/2017,1550.831,1070.673,,,20/11/2017,20.3431,27.7817,,
17/11/2017,1548.695,1068.172,,,17/11/2017,20.3116,27.7166,,
16/11/2017,1549.229,1070.845,,,16/11/2017,20.318,27.7833,,
15/11/2017,1538.799,1059.32,,,15/11/2017,20.1892,27.484,,
14/11/2017,1544.78,1066.568,,,14/11/2017,20.2676,27.6718,,
13/11/2017,1549.949,1068.045,,,13/11/2017,20.3354,27.7099,,
10/11/2017,1548.827,1066.921,,,10/11/2017,20.3222,27.6827,,
09/11/2017,1551.196,1066.594,,,09/11/2017,20.3535,27.6745,,
08/11/2017,1555.258,1072.207,,,08/11/2017,20.4081,27.8201,,
07/11/2017,1555.872,1068.613,,,07/11/2017,20.4158,27.7266,,
06/11/2017,1560.355,1069.034,,,06/11/2017,20.4744,27.7379,,
03/11/2017,1558.1,1067.318,,,03/11/2017,20.4542,27.6946,,
02/11/2017,1557.94,1061.434,,,02/11/2017,20.452,27.5542,,
01/11/2017,1557.536,1061.141,,,01/11/2017,20.4389,27.5466,,
31/10/2017,1553.709,1062.292,,,31/10/2017,20.3887,27.5764,,
30/10/2017,1552.326,1059.28,,,30/10/2017,20.3894,27.5237,,
27/10/2017,1562.024,1061.332,,,27/10/2017,20.5135,27.6712,,
26/10/2017,1561.186,1045.664,,,26/10/2017,20.5025,27.2658,,
25/10/2017,1558.146,1044.129,,,25/10/2017,20.4623,27.2258,,
24/10/2017,1566.742,1048.637,,,24/10/2017,20.5753,27.3432,,
23/10/2017,1564.46,1046.73,,,23/10/2017,20.5455,27.2936,,
20/10/2017,1570.145,1052.295,,,20/10/2017,20.6198,27.439,,
19/10/2017,1561.575,1047.223,,,19/10/2017,20.5082,27.3057,,
18/10/2017,1560.015,1047.969,,,18/10/2017,20.4875,27.3253,,
17/10/2017,1558.082,1047.01,,,17/10/2017,20.4596,27.3037,,
16/10/2017,1558.738,1046.091,,,16/10/2017,20.4713,27.2796,,
13/10/2017,1556.858,1044.243,,,13/10/2017,20.4462,27.2311,,
12/10/2017,1557.17,1042.806,,,12/10/2017,20.4582,27.1936,,
11/10/2017,1562.731,1042.25,,,11/10/2017,20.5314,27.1794,,
10/10/2017,1562.934,1038.91,,,10/10/2017,20.5334,27.0918,,
09/10/2017,1556.972,1038.121,,,09/10/2017,20.4538,27.0711,,
06/10/2017,1561.722,1039.34,,,06/10/2017,20.4909,27.1012,,
05/10/2017,1566.279,1038.537,,,05/10/2017,20.5484,27.0803,,
04/10/2017,1559.609,1032.164,,,04/10/2017,20.4632,26.9105,,
03/10/2017,1559.1,1030.526,,,03/10/2017,20.4563,26.9026,,
02/10/2017,1555.536,1028.262,,,02/10/2017,20.4208,26.8407,,
29/09/2017,1545.414,1025.122,,,29/09/2017,20.5536,27.754,,
28/09/2017,1542.68,1019.94,,,28/09/2017,20.5313,27.637,,
27/09/2017,1541.338,1018.132,,,27/09/2017,20.5136,27.5878,,
26/09/2017,1536.176,1010.694,,,26/09/2017,20.4454,27.3864,,
25/09/2017,1536.696,1009.754,,,25/09/2017,20.4547,27.3612,,
22/09/2017,1531.998,1016.78,,,22/09/2017,20.352,27.5684,,
21/09/2017,1530.08,1015.872,,,21/09/2017,20.3269,27.5439,,
20/09/2017,1532.74,1019.912,,,20/09/2017,20.3623,27.6535,,
19/09/2017,1529.702,1019.61,,,19/09/2017,20.3264,27.6453,,
18/09/2017,1528.046,1018.976,,,18/09/2017,20.3048,27.6296,,
15/09/2017,1522.987,1017.879,,,,,,,
14/09/2017,1519.973,1015.512,,,,,,,
13/09/2017,1519.545,1018.021,,,,,,,
12/09/2017,1517.014,1018.303,,,,,,,
11/09/2017,1508.6,1016.375,,,,,,,
08/09/2017,1490.568,1006.477,,,,,,,
07/09/2017,1489.879,1009.118,,,,,,,
06/09/2017,1496.106,1006.254,,,,,,,
05/09/2017,1490.473,1004.418,,,,,,,
01/09/2017,1505.022,1010.861,,,,,,,
31/08/2017,1499.28,1009.686,,,,,,,
30/08/2017,1491.835,1001.695,,,,,,,
29/08/2017,1488.241,994.114,,,,,,,
28/08/2017,1489.778,991.772,,,,,,,
25/08/2017,1491.894,989.217,,,,,,,
